Observation id,Observation date,Description,Observation duration,Observation type,Source,Time offset (s),Media duration (s),FPS,Subject,Behavior,Behavioral category,Behavior type,Time,Media file name,Image index,Image file path,Comment
ligh_1605_bloc1bis,2025-07-07 14:33:41.056,,1028.494,Media file(s),player #1:C:\Users\esthe\Downloads\ligh_1605_bloc1bis\GP010699.MP4,0.0,1062.061,29.970,Lightnose,"startpeanut0,7",,POINT,28.328,C:\Users\esthe\Downloads\ligh_1605_bloc1bis\GP010699.MP4,849,NA,
ligh_1605_bloc1bis,2025-07-07 14:33:41.056,,1028.494,Media file(s),player #1:C:\Users\esthe\Downloads\ligh_1605_bloc1bis\GP010699.MP4,0.0,1062.061,29.970,Lightnose,target,,START,28.462,C:\Users\esthe\Downloads\ligh_1605_bloc1bis\GP010699.MP4,853,NA,
ligh_1605_bloc1bis,2025-07-07 14:33:41.056,,1028.494,Media file(s),player #1:C:\Users\esthe\Downloads\ligh_1605_bloc1bis\GP010699.MP4,0.0,1062.061,29.970,Lightnose,target,,STOP,32.432,C:\Users\esthe\Downloads\ligh_1605_bloc1bis\GP010699.MP4,972,NA,
ligh_1605_bloc1bis,2025-07-07 14:33:41.056,,1028.494,Media file(s),player #1:C:\Users\esthe\Downloads\ligh_1605_bloc1bis\GP010699.MP4,0.0,1062.061,29.970,Lightnose,bending,,START,32.499,C:\Users\esthe\Downloads\ligh_1605_bloc1bis\GP010699.MP4,974,NA,
ligh_1605_bloc1bis,2025-07-07 14:33:41.056,,1028.494,Media file(s),player #1:C:\Users\esthe\Downloads\ligh_1605_bloc1bis\GP010699.MP4,0.0,1062.061,29.970,Lightnose,sniffing,,POINT,32.799,C:\Users\esthe\Downloads\ligh_1605_bloc1bis\GP010699.MP4,983,NA,
ligh_1605_bloc1bis,2025-07-07 14:33:41.056,,1028.494,Media file(s),player #1:C:\Users\esthe\Downloads\ligh_1605_bloc1bis\GP010699.MP4,0.0,1062.061,29.970,Lightnose,grabbing peanut,,POINT,33.033,C:\Users\esthe\Downloads\ligh_1605_bloc1bis\GP010699.MP4,990,NA,
ligh_1605_bloc1bis,2025-07-07 14:33:41.056,,1028.494,Media file(s),player #1:C:\Users\esthe\Downloads\ligh_1605_bloc1bis\GP010699.MP4,0.0,1062.061,29.970,Lightnose,bending,,STOP,33.066,C:\Users\esthe\Downloads\ligh_1605_bloc1bis\GP010699.MP4,991,NA,
ligh_1605_bloc1bis,2025-07-07 14:33:41.056,,1028.494,Media file(s),player #1:C:\Users\esthe\Downloads\ligh_1605_bloc1bis\GP010699.MP4,0.0,1062.061,29.970,Lightnose,lifting,,START,33.100,C:\Users\esthe\Downloads\ligh_1605_bloc1bis\GP010699.MP4,992,NA,
ligh_1605_bloc1bis,2025-07-07 14:33:41.056,,1028.494,Media file(s),player #1:C:\Users\esthe\Downloads\ligh_1605_bloc1bis\GP010699.MP4,0.0,1062.061,29.970,Lightnose,lifting,,STOP,33.433,C:\Users\esthe\Downloads\ligh_1605_bloc1bis\GP010699.MP4,1002,NA,
ligh_1605_bloc1bis,2025-07-07 14:33:41.056,,1028.494,Media file(s),player #1:C:\Users\esthe\Downloads\ligh_1605_bloc1bis\GP010699.MP4,0.0,1062.061,29.970,Lightnose,target,,START,33.667,C:\Users\esthe\Downloads\ligh_1605_bloc1bis\GP010699.MP4,1009,NA,
ligh_1605_bloc1bis,2025-07-07 14:33:41.056,,1028.494,Media file(s),player #1:C:\Users\esthe\Downloads\ligh_1605_bloc1bis\GP010699.MP4,0.0,1062.061,29.970,Lightnose,target,,STOP,57.524,C:\Users\esthe\Downloads\ligh_1605_bloc1bis\GP010699.MP4,1724,NA,
ligh_1605_bloc1bis,2025-07-07 14:33:41.056,,1028.494,Media file(s),player #1:C:\Users\esthe\Downloads\ligh_1605_bloc1bis\GP010699.MP4,0.0,1062.061,29.970,Lightnose,"startpeanut0,5",,POINT,93.760,C:\Users\esthe\Downloads\ligh_1605_bloc1bis\GP010699.MP4,2810,NA,
ligh_1605_bloc1bis,2025-07-07 14:33:41.056,,1028.494,Media file(s),player #1:C:\Users\esthe\Downloads\ligh_1605_bloc1bis\GP010699.MP4,0.0,1062.061,29.970,Lightnose,target,,START,95.963,C:\Users\esthe\Downloads\ligh_1605_bloc1bis\GP010699.MP4,2876,NA,
ligh_1605_bloc1bis,2025-07-07 14:33:41.056,,1028.494,Media file(s),player #1:C:\Users\esthe\Downloads\ligh_1605_bloc1bis\GP010699.MP4,0.0,1062.061,29.970,Lightnose,target,,STOP,123.290,C:\Users\esthe\Downloads\ligh_1605_bloc1bis\GP010699.MP4,3695,NA,
ligh_1605_bloc1bis,2025-07-07 14:33:41.056,,1028.494,Media file(s),player #1:C:\Users\esthe\Downloads\ligh_1605_bloc1bis\GP010699.MP4,0.0,1062.061,29.970,Lightnose,sniffing,,POINT,123.757,C:\Users\esthe\Downloads\ligh_1605_bloc1bis\GP010699.MP4,3709,NA,
ligh_1605_bloc1bis,2025-07-07 14:33:41.056,,1028.494,Media file(s),player #1:C:\Users\esthe\Downloads\ligh_1605_bloc1bis\GP010699.MP4,0.0,1062.061,29.970,Lightnose,bending,,START,124.124,C:\Users\esthe\Downloads\ligh_1605_bloc1bis\GP010699.MP4,3720,NA,
ligh_1605_bloc1bis,2025-07-07 14:33:41.056,,1028.494,Media file(s),player #1:C:\Users\esthe\Downloads\ligh_1605_bloc1bis\GP010699.MP4,0.0,1062.061,29.970,Lightnose,bending,,STOP,124.291,C:\Users\esthe\Downloads\ligh_1605_bloc1bis\GP010699.MP4,3725,NA,
ligh_1605_bloc1bis,2025-07-07 14:33:41.056,,1028.494,Media file(s),player #1:C:\Users\esthe\Downloads\ligh_1605_bloc1bis\GP010699.MP4,0.0,1062.061,29.970,Lightnose,grabbing peanut,,POINT,124.291,C:\Users\esthe\Downloads\ligh_1605_bloc1bis\GP010699.MP4,3725,NA,
ligh_1605_bloc1bis,2025-07-07 14:33:41.056,,1028.494,Media file(s),player #1:C:\Users\esthe\Downloads\ligh_1605_bloc1bis\GP010699.MP4,0.0,1062.061,29.970,Lightnose,lifting,,START,124.324,C:\Users\esthe\Downloads\ligh_1605_bloc1bis\GP010699.MP4,3726,NA,
ligh_1605_bloc1bis,2025-07-07 14:33:41.056,,1028.494,Media file(s),player #1:C:\Users\esthe\Downloads\ligh_1605_bloc1bis\GP010699.MP4,0.0,1062.061,29.970,Lightnose,lifting,,STOP,125.258,C:\Users\esthe\Downloads\ligh_1605_bloc1bis\GP010699.MP4,3754,NA,
ligh_1605_bloc1bis,2025-07-07 14:33:41.056,,1028.494,Media file(s),player #1:C:\Users\esthe\Downloads\ligh_1605_bloc1bis\GP010699.MP4,0.0,1062.061,29.970,Lightnose,assessing,,START,125.626,C:\Users\esthe\Downloads\ligh_1605_bloc1bis\GP010699.MP4,3765,NA,
ligh_1605_bloc1bis,2025-07-07 14:33:41.056,,1028.494,Media file(s),player #1:C:\Users\esthe\Downloads\ligh_1605_bloc1bis\GP010699.MP4,0.0,1062.061,29.970,Lightnose,jaw movement,,POINT,125.759,C:\Users\esthe\Downloads\ligh_1605_bloc1bis\GP010699.MP4,3769,NA,
ligh_1605_bloc1bis,2025-07-07 14:33:41.056,,1028.494,Media file(s),player #1:C:\Users\esthe\Downloads\ligh_1605_bloc1bis\GP010699.MP4,0.0,1062.061,29.970,Lightnose,sniffing,,POINT,125.892,C:\Users\esthe\Downloads\ligh_1605_bloc1bis\GP010699.MP4,3773,NA,
ligh_1605_bloc1bis,2025-07-07 14:33:41.056,,1028.494,Media file(s),player #1:C:\Users\esthe\Downloads\ligh_1605_bloc1bis\GP010699.MP4,0.0,1062.061,29.970,Lightnose,jaw movement,,POINT,126.193,C:\Users\esthe\Downloads\ligh_1605_bloc1bis\GP010699.MP4,3782,NA,
ligh_1605_bloc1bis,2025-07-07 14:33:41.056,,1028.494,Media file(s),player #1:C:\Users\esthe\Downloads\ligh_1605_bloc1bis\GP010699.MP4,0.0,1062.061,29.970,Lightnose,assessing,,STOP,126.293,C:\Users\esthe\Downloads\ligh_1605_bloc1bis\GP010699.MP4,3785,NA,
ligh_1605_bloc1bis,2025-07-07 14:33:41.056,,1028.494,Media file(s),player #1:C:\Users\esthe\Downloads\ligh_1605_bloc1bis\GP010699.MP4,0.0,1062.061,29.970,Lightnose,target,,START,126.426,C:\Users\esthe\Downloads\ligh_1605_bloc1bis\GP010699.MP4,3789,NA,
ligh_1605_bloc1bis,2025-07-07 14:33:41.056,,1028.494,Media file(s),player #1:C:\Users\esthe\Downloads\ligh_1605_bloc1bis\GP010699.MP4,0.0,1062.061,29.970,Lightnose,target,,STOP,135.669,C:\Users\esthe\Downloads\ligh_1605_bloc1bis\GP010699.MP4,4066,NA,
ligh_1605_bloc1bis,2025-07-07 14:33:41.056,,1028.494,Media file(s),player #1:C:\Users\esthe\Downloads\ligh_1605_bloc1bis\GP010699.MP4,0.0,1062.061,29.970,Lightnose,digging,,START,136.269,C:\Users\esthe\Downloads\ligh_1605_bloc1bis\GP010699.MP4,4084,NA,
ligh_1605_bloc1bis,2025-07-07 14:33:41.056,,1028.494,Media file(s),player #1:C:\Users\esthe\Downloads\ligh_1605_bloc1bis\GP010699.MP4,0.0,1062.061,29.970,Lightnose,digging,,STOP,138.872,C:\Users\esthe\Downloads\ligh_1605_bloc1bis\GP010699.MP4,4162,NA,
ligh_1605_bloc1bis,2025-07-07 14:33:41.056,,1028.494,Media file(s),player #1:C:\Users\esthe\Downloads\ligh_1605_bloc1bis\GP010699.MP4,0.0,1062.061,29.970,Lightnose,target,,START,138.872,C:\Users\esthe\Downloads\ligh_1605_bloc1bis\GP010699.MP4,4162,NA,
ligh_1605_bloc1bis,2025-07-07 14:33:41.056,,1028.494,Media file(s),player #1:C:\Users\esthe\Downloads\ligh_1605_bloc1bis\GP010699.MP4,0.0,1062.061,29.970,Lightnose,target,,STOP,156.790,C:\Users\esthe\Downloads\ligh_1605_bloc1bis\GP010699.MP4,4699,NA,
ligh_1605_bloc1bis,2025-07-07 14:33:41.056,,1028.494,Media file(s),player #1:C:\Users\esthe\Downloads\ligh_1605_bloc1bis\GP010699.MP4,0.0,1062.061,29.970,Lightnose,startpeanut2+,,POINT,219.786,C:\Users\esthe\Downloads\ligh_1605_bloc1bis\GP010699.MP4,6587,NA,
ligh_1605_bloc1bis,2025-07-07 14:33:41.056,,1028.494,Media file(s),player #1:C:\Users\esthe\Downloads\ligh_1605_bloc1bis\GP010699.MP4,0.0,1062.061,29.970,Lightnose,target,,START,223.623,C:\Users\esthe\Downloads\ligh_1605_bloc1bis\GP010699.MP4,6702,NA,
ligh_1605_bloc1bis,2025-07-07 14:33:41.056,,1028.494,Media file(s),player #1:C:\Users\esthe\Downloads\ligh_1605_bloc1bis\GP010699.MP4,0.0,1062.061,29.970,Lightnose,target,,STOP,264.064,C:\Users\esthe\Downloads\ligh_1605_bloc1bis\GP010699.MP4,7914,NA,
ligh_1605_bloc1bis,2025-07-07 14:33:41.056,,1028.494,Media file(s),player #1:C:\Users\esthe\Downloads\ligh_1605_bloc1bis\GP010699.MP4,0.0,1062.061,29.970,Lightnose,sniffing,,POINT,264.965,C:\Users\esthe\Downloads\ligh_1605_bloc1bis\GP010699.MP4,7941,NA,
ligh_1605_bloc1bis,2025-07-07 14:33:41.056,,1028.494,Media file(s),player #1:C:\Users\esthe\Downloads\ligh_1605_bloc1bis\GP010699.MP4,0.0,1062.061,29.970,Lightnose,bending,,START,265.031,C:\Users\esthe\Downloads\ligh_1605_bloc1bis\GP010699.MP4,7943,NA,
ligh_1605_bloc1bis,2025-07-07 14:33:41.056,,1028.494,Media file(s),player #1:C:\Users\esthe\Downloads\ligh_1605_bloc1bis\GP010699.MP4,0.0,1062.061,29.970,Lightnose,bending,,STOP,265.465,C:\Users\esthe\Downloads\ligh_1605_bloc1bis\GP010699.MP4,7956,NA,
ligh_1605_bloc1bis,2025-07-07 14:33:41.056,,1028.494,Media file(s),player #1:C:\Users\esthe\Downloads\ligh_1605_bloc1bis\GP010699.MP4,0.0,1062.061,29.970,Lightnose,grabbing peanut,,POINT,265.465,C:\Users\esthe\Downloads\ligh_1605_bloc1bis\GP010699.MP4,7956,NA,
ligh_1605_bloc1bis,2025-07-07 14:33:41.056,,1028.494,Media file(s),player #1:C:\Users\esthe\Downloads\ligh_1605_bloc1bis\GP010699.MP4,0.0,1062.061,29.970,Lightnose,teeth-hole contact,,POINT,265.465,C:\Users\esthe\Downloads\ligh_1605_bloc1bis\GP010699.MP4,7956,NA,
ligh_1605_bloc1bis,2025-07-07 14:33:41.056,,1028.494,Media file(s),player #1:C:\Users\esthe\Downloads\ligh_1605_bloc1bis\GP010699.MP4,0.0,1062.061,29.970,Lightnose,lifting,,START,265.499,C:\Users\esthe\Downloads\ligh_1605_bloc1bis\GP010699.MP4,7957,NA,
ligh_1605_bloc1bis,2025-07-07 14:33:41.056,,1028.494,Media file(s),player #1:C:\Users\esthe\Downloads\ligh_1605_bloc1bis\GP010699.MP4,0.0,1062.061,29.970,Lightnose,lifting,,STOP,266.032,C:\Users\esthe\Downloads\ligh_1605_bloc1bis\GP010699.MP4,7973,NA,
ligh_1605_bloc1bis,2025-07-07 14:33:41.056,,1028.494,Media file(s),player #1:C:\Users\esthe\Downloads\ligh_1605_bloc1bis\GP010699.MP4,0.0,1062.061,29.970,Lightnose,target,,START,268.235,C:\Users\esthe\Downloads\ligh_1605_bloc1bis\GP010699.MP4,8039,NA,
ligh_1605_bloc1bis,2025-07-07 14:33:41.056,,1028.494,Media file(s),player #1:C:\Users\esthe\Downloads\ligh_1605_bloc1bis\GP010699.MP4,0.0,1062.061,29.970,Lightnose,target,,STOP,278.879,C:\Users\esthe\Downloads\ligh_1605_bloc1bis\GP010699.MP4,8358,NA,
ligh_1605_bloc1bis,2025-07-07 14:33:41.056,,1028.494,Media file(s),player #1:C:\Users\esthe\Downloads\ligh_1605_bloc1bis\GP010699.MP4,0.0,1062.061,29.970,Lightnose,digging,,START,279.379,C:\Users\esthe\Downloads\ligh_1605_bloc1bis\GP010699.MP4,8373,NA,
ligh_1605_bloc1bis,2025-07-07 14:33:41.056,,1028.494,Media file(s),player #1:C:\Users\esthe\Downloads\ligh_1605_bloc1bis\GP010699.MP4,0.0,1062.061,29.970,Lightnose,digging,,STOP,281.915,C:\Users\esthe\Downloads\ligh_1605_bloc1bis\GP010699.MP4,8449,NA,
ligh_1605_bloc1bis,2025-07-07 14:33:41.056,,1028.494,Media file(s),player #1:C:\Users\esthe\Downloads\ligh_1605_bloc1bis\GP010699.MP4,0.0,1062.061,29.970,Lightnose,dropping peanut,,POINT,281.982,C:\Users\esthe\Downloads\ligh_1605_bloc1bis\GP010699.MP4,8451,NA,
ligh_1605_bloc1bis,2025-07-07 14:33:41.056,,1028.494,Media file(s),player #1:C:\Users\esthe\Downloads\ligh_1605_bloc1bis\GP010699.MP4,0.0,1062.061,29.970,Lightnose,pushing,,START,282.482,C:\Users\esthe\Downloads\ligh_1605_bloc1bis\GP010699.MP4,8466,NA,
ligh_1605_bloc1bis,2025-07-07 14:33:41.056,,1028.494,Media file(s),player #1:C:\Users\esthe\Downloads\ligh_1605_bloc1bis\GP010699.MP4,0.0,1062.061,29.970,Lightnose,pushing,,STOP,287.754,C:\Users\esthe\Downloads\ligh_1605_bloc1bis\GP010699.MP4,8624,NA,
ligh_1605_bloc1bis,2025-07-07 14:33:41.056,,1028.494,Media file(s),player #1:C:\Users\esthe\Downloads\ligh_1605_bloc1bis\GP010699.MP4,0.0,1062.061,29.970,Lightnose,covering with soil,,START,287.888,C:\Users\esthe\Downloads\ligh_1605_bloc1bis\GP010699.MP4,8628,NA,
ligh_1605_bloc1bis,2025-07-07 14:33:41.056,,1028.494,Media file(s),player #1:C:\Users\esthe\Downloads\ligh_1605_bloc1bis\GP010699.MP4,0.0,1062.061,29.970,Lightnose,covering with soil,,STOP,294.394,C:\Users\esthe\Downloads\ligh_1605_bloc1bis\GP010699.MP4,8823,NA,
ligh_1605_bloc1bis,2025-07-07 14:33:41.056,,1028.494,Media file(s),player #1:C:\Users\esthe\Downloads\ligh_1605_bloc1bis\GP010699.MP4,0.0,1062.061,29.970,Lightnose,"startpeanut0,5",,POINT,306.506,C:\Users\esthe\Downloads\ligh_1605_bloc1bis\GP010699.MP4,9186,NA,
ligh_1605_bloc1bis,2025-07-07 14:33:41.056,,1028.494,Media file(s),player #1:C:\Users\esthe\Downloads\ligh_1605_bloc1bis\GP010699.MP4,0.0,1062.061,29.970,Lightnose,target,,START,335.335,C:\Users\esthe\Downloads\ligh_1605_bloc1bis\GP010699.MP4,10050,NA,
ligh_1605_bloc1bis,2025-07-07 14:33:41.056,,1028.494,Media file(s),player #1:C:\Users\esthe\Downloads\ligh_1605_bloc1bis\GP010699.MP4,0.0,1062.061,29.970,Lightnose,target,,STOP,349.115,C:\Users\esthe\Downloads\ligh_1605_bloc1bis\GP010699.MP4,10463,NA,
ligh_1605_bloc1bis,2025-07-07 14:33:41.056,,1028.494,Media file(s),player #1:C:\Users\esthe\Downloads\ligh_1605_bloc1bis\GP010699.MP4,0.0,1062.061,29.970,Lightnose,sniffing,,POINT,349.382,C:\Users\esthe\Downloads\ligh_1605_bloc1bis\GP010699.MP4,10471,NA,
ligh_1605_bloc1bis,2025-07-07 14:33:41.056,,1028.494,Media file(s),player #1:C:\Users\esthe\Downloads\ligh_1605_bloc1bis\GP010699.MP4,0.0,1062.061,29.970,Lightnose,bending,,START,349.482,C:\Users\esthe\Downloads\ligh_1605_bloc1bis\GP010699.MP4,10474,NA,
ligh_1605_bloc1bis,2025-07-07 14:33:41.056,,1028.494,Media file(s),player #1:C:\Users\esthe\Downloads\ligh_1605_bloc1bis\GP010699.MP4,0.0,1062.061,29.970,Lightnose,bending,,STOP,349.783,C:\Users\esthe\Downloads\ligh_1605_bloc1bis\GP010699.MP4,10483,NA,
ligh_1605_bloc1bis,2025-07-07 14:33:41.056,,1028.494,Media file(s),player #1:C:\Users\esthe\Downloads\ligh_1605_bloc1bis\GP010699.MP4,0.0,1062.061,29.970,Lightnose,grabbing peanut,,POINT,349.783,C:\Users\esthe\Downloads\ligh_1605_bloc1bis\GP010699.MP4,10483,NA,
ligh_1605_bloc1bis,2025-07-07 14:33:41.056,,1028.494,Media file(s),player #1:C:\Users\esthe\Downloads\ligh_1605_bloc1bis\GP010699.MP4,0.0,1062.061,29.970,Lightnose,lifting,,START,349.816,C:\Users\esthe\Downloads\ligh_1605_bloc1bis\GP010699.MP4,10484,NA,
ligh_1605_bloc1bis,2025-07-07 14:33:41.056,,1028.494,Media file(s),player #1:C:\Users\esthe\Downloads\ligh_1605_bloc1bis\GP010699.MP4,0.0,1062.061,29.970,Lightnose,lifting,,STOP,350.317,C:\Users\esthe\Downloads\ligh_1605_bloc1bis\GP010699.MP4,10499,NA,
ligh_1605_bloc1bis,2025-07-07 14:33:41.056,,1028.494,Media file(s),player #1:C:\Users\esthe\Downloads\ligh_1605_bloc1bis\GP010699.MP4,0.0,1062.061,29.970,Lightnose,target,,START,352.018,C:\Users\esthe\Downloads\ligh_1605_bloc1bis\GP010699.MP4,10550,NA,
ligh_1605_bloc1bis,2025-07-07 14:33:41.056,,1028.494,Media file(s),player #1:C:\Users\esthe\Downloads\ligh_1605_bloc1bis\GP010699.MP4,0.0,1062.061,29.970,Lightnose,target,,STOP,366.600,C:\Users\esthe\Downloads\ligh_1605_bloc1bis\GP010699.MP4,10987,NA,
ligh_1605_bloc1bis,2025-07-07 14:33:41.056,,1028.494,Media file(s),player #1:C:\Users\esthe\Downloads\ligh_1605_bloc1bis\GP010699.MP4,0.0,1062.061,29.970,Lightnose,digging,,START,367.267,C:\Users\esthe\Downloads\ligh_1605_bloc1bis\GP010699.MP4,11007,NA,
ligh_1605_bloc1bis,2025-07-07 14:33:41.056,,1028.494,Media file(s),player #1:C:\Users\esthe\Downloads\ligh_1605_bloc1bis\GP010699.MP4,0.0,1062.061,29.970,Lightnose,digging,,STOP,368.602,C:\Users\esthe\Downloads\ligh_1605_bloc1bis\GP010699.MP4,11047,NA,
ligh_1605_bloc1bis,2025-07-07 14:33:41.056,,1028.494,Media file(s),player #1:C:\Users\esthe\Downloads\ligh_1605_bloc1bis\GP010699.MP4,0.0,1062.061,29.970,Lightnose,target,,START,368.635,C:\Users\esthe\Downloads\ligh_1605_bloc1bis\GP010699.MP4,11048,NA,
ligh_1605_bloc1bis,2025-07-07 14:33:41.056,,1028.494,Media file(s),player #1:C:\Users\esthe\Downloads\ligh_1605_bloc1bis\GP010699.MP4,0.0,1062.061,29.970,Lightnose,target,,STOP,370.837,C:\Users\esthe\Downloads\ligh_1605_bloc1bis\GP010699.MP4,11114,NA,
ligh_1605_bloc1bis,2025-07-07 14:33:41.056,,1028.494,Media file(s),player #1:C:\Users\esthe\Downloads\ligh_1605_bloc1bis\GP010699.MP4,0.0,1062.061,29.970,Lightnose,"startpeanut0,3",,POINT,460.026,C:\Users\esthe\Downloads\ligh_1605_bloc1bis\GP010699.MP4,13787,NA,
ligh_1605_bloc1bis,2025-07-07 14:33:41.056,,1028.494,Media file(s),player #1:C:\Users\esthe\Downloads\ligh_1605_bloc1bis\GP010699.MP4,0.0,1062.061,29.970,Lightnose,target,,START,463.663,C:\Users\esthe\Downloads\ligh_1605_bloc1bis\GP010699.MP4,13896,NA,
ligh_1605_bloc1bis,2025-07-07 14:33:41.056,,1028.494,Media file(s),player #1:C:\Users\esthe\Downloads\ligh_1605_bloc1bis\GP010699.MP4,0.0,1062.061,29.970,Lightnose,target,,STOP,484.951,C:\Users\esthe\Downloads\ligh_1605_bloc1bis\GP010699.MP4,14534,NA,
ligh_1605_bloc1bis,2025-07-07 14:33:41.056,,1028.494,Media file(s),player #1:C:\Users\esthe\Downloads\ligh_1605_bloc1bis\GP010699.MP4,0.0,1062.061,29.970,Lightnose,sniffing,,POINT,486.119,C:\Users\esthe\Downloads\ligh_1605_bloc1bis\GP010699.MP4,14569,NA,
ligh_1605_bloc1bis,2025-07-07 14:33:41.056,,1028.494,Media file(s),player #1:C:\Users\esthe\Downloads\ligh_1605_bloc1bis\GP010699.MP4,0.0,1062.061,29.970,Lightnose,sniffing,,POINT,487.854,C:\Users\esthe\Downloads\ligh_1605_bloc1bis\GP010699.MP4,14621,NA,
ligh_1605_bloc1bis,2025-07-07 14:33:41.056,,1028.494,Media file(s),player #1:C:\Users\esthe\Downloads\ligh_1605_bloc1bis\GP010699.MP4,0.0,1062.061,29.970,Lightnose,bending,,START,487.921,C:\Users\esthe\Downloads\ligh_1605_bloc1bis\GP010699.MP4,14623,NA,
ligh_1605_bloc1bis,2025-07-07 14:33:41.056,,1028.494,Media file(s),player #1:C:\Users\esthe\Downloads\ligh_1605_bloc1bis\GP010699.MP4,0.0,1062.061,29.970,Lightnose,bending,,STOP,488.221,C:\Users\esthe\Downloads\ligh_1605_bloc1bis\GP010699.MP4,14632,NA,
ligh_1605_bloc1bis,2025-07-07 14:33:41.056,,1028.494,Media file(s),player #1:C:\Users\esthe\Downloads\ligh_1605_bloc1bis\GP010699.MP4,0.0,1062.061,29.970,Lightnose,grabbing peanut,,POINT,488.221,C:\Users\esthe\Downloads\ligh_1605_bloc1bis\GP010699.MP4,14632,NA,
ligh_1605_bloc1bis,2025-07-07 14:33:41.056,,1028.494,Media file(s),player #1:C:\Users\esthe\Downloads\ligh_1605_bloc1bis\GP010699.MP4,0.0,1062.061,29.970,Lightnose,lifting,,START,488.254,C:\Users\esthe\Downloads\ligh_1605_bloc1bis\GP010699.MP4,14633,NA,
ligh_1605_bloc1bis,2025-07-07 14:33:41.056,,1028.494,Media file(s),player #1:C:\Users\esthe\Downloads\ligh_1605_bloc1bis\GP010699.MP4,0.0,1062.061,29.970,Lightnose,lifting,,STOP,488.888,C:\Users\esthe\Downloads\ligh_1605_bloc1bis\GP010699.MP4,14652,NA,
ligh_1605_bloc1bis,2025-07-07 14:33:41.056,,1028.494,Media file(s),player #1:C:\Users\esthe\Downloads\ligh_1605_bloc1bis\GP010699.MP4,0.0,1062.061,29.970,Lightnose,target,,START,489.689,C:\Users\esthe\Downloads\ligh_1605_bloc1bis\GP010699.MP4,14676,NA,
ligh_1605_bloc1bis,2025-07-07 14:33:41.056,,1028.494,Media file(s),player #1:C:\Users\esthe\Downloads\ligh_1605_bloc1bis\GP010699.MP4,0.0,1062.061,29.970,Lightnose,target,,STOP,508.108,C:\Users\esthe\Downloads\ligh_1605_bloc1bis\GP010699.MP4,15228,NA,
ligh_1605_bloc1bis,2025-07-07 14:33:41.056,,1028.494,Media file(s),player #1:C:\Users\esthe\Downloads\ligh_1605_bloc1bis\GP010699.MP4,0.0,1062.061,29.970,Lightnose,startpeanut1,,POINT,542.208,C:\Users\esthe\Downloads\ligh_1605_bloc1bis\GP010699.MP4,16250,NA,
ligh_1605_bloc1bis,2025-07-07 14:33:41.056,,1028.494,Media file(s),player #1:C:\Users\esthe\Downloads\ligh_1605_bloc1bis\GP010699.MP4,0.0,1062.061,29.970,Lightnose,target,,START,543.243,C:\Users\esthe\Downloads\ligh_1605_bloc1bis\GP010699.MP4,16281,NA,
ligh_1605_bloc1bis,2025-07-07 14:33:41.056,,1028.494,Media file(s),player #1:C:\Users\esthe\Downloads\ligh_1605_bloc1bis\GP010699.MP4,0.0,1062.061,29.970,Lightnose,target,,STOP,604.204,C:\Users\esthe\Downloads\ligh_1605_bloc1bis\GP010699.MP4,18108,NA,
ligh_1605_bloc1bis,2025-07-07 14:33:41.056,,1028.494,Media file(s),player #1:C:\Users\esthe\Downloads\ligh_1605_bloc1bis\GP010699.MP4,0.0,1062.061,29.970,Lightnose,sniffing,,POINT,604.504,C:\Users\esthe\Downloads\ligh_1605_bloc1bis\GP010699.MP4,18117,NA,
ligh_1605_bloc1bis,2025-07-07 14:33:41.056,,1028.494,Media file(s),player #1:C:\Users\esthe\Downloads\ligh_1605_bloc1bis\GP010699.MP4,0.0,1062.061,29.970,Lightnose,sniffing,,POINT,604.838,C:\Users\esthe\Downloads\ligh_1605_bloc1bis\GP010699.MP4,18127,NA,
ligh_1605_bloc1bis,2025-07-07 14:33:41.056,,1028.494,Media file(s),player #1:C:\Users\esthe\Downloads\ligh_1605_bloc1bis\GP010699.MP4,0.0,1062.061,29.970,Lightnose,bending,,START,604.871,C:\Users\esthe\Downloads\ligh_1605_bloc1bis\GP010699.MP4,18128,NA,
ligh_1605_bloc1bis,2025-07-07 14:33:41.056,,1028.494,Media file(s),player #1:C:\Users\esthe\Downloads\ligh_1605_bloc1bis\GP010699.MP4,0.0,1062.061,29.970,Lightnose,bending,,STOP,605.138,C:\Users\esthe\Downloads\ligh_1605_bloc1bis\GP010699.MP4,18136,NA,
ligh_1605_bloc1bis,2025-07-07 14:33:41.056,,1028.494,Media file(s),player #1:C:\Users\esthe\Downloads\ligh_1605_bloc1bis\GP010699.MP4,0.0,1062.061,29.970,Lightnose,grabbing peanut,,POINT,605.138,C:\Users\esthe\Downloads\ligh_1605_bloc1bis\GP010699.MP4,18136,NA,
ligh_1605_bloc1bis,2025-07-07 14:33:41.056,,1028.494,Media file(s),player #1:C:\Users\esthe\Downloads\ligh_1605_bloc1bis\GP010699.MP4,0.0,1062.061,29.970,Lightnose,lifting,,START,605.171,C:\Users\esthe\Downloads\ligh_1605_bloc1bis\GP010699.MP4,18137,NA,
ligh_1605_bloc1bis,2025-07-07 14:33:41.056,,1028.494,Media file(s),player #1:C:\Users\esthe\Downloads\ligh_1605_bloc1bis\GP010699.MP4,0.0,1062.061,29.970,Lightnose,lifting,,STOP,605.472,C:\Users\esthe\Downloads\ligh_1605_bloc1bis\GP010699.MP4,18146,NA,
ligh_1605_bloc1bis,2025-07-07 14:33:41.056,,1028.494,Media file(s),player #1:C:\Users\esthe\Downloads\ligh_1605_bloc1bis\GP010699.MP4,0.0,1062.061,29.970,Lightnose,assessing,,START,605.705,C:\Users\esthe\Downloads\ligh_1605_bloc1bis\GP010699.MP4,18153,NA,
ligh_1605_bloc1bis,2025-07-07 14:33:41.056,,1028.494,Media file(s),player #1:C:\Users\esthe\Downloads\ligh_1605_bloc1bis\GP010699.MP4,0.0,1062.061,29.970,Lightnose,jaw movement,,POINT,605.738,C:\Users\esthe\Downloads\ligh_1605_bloc1bis\GP010699.MP4,18154,NA,
ligh_1605_bloc1bis,2025-07-07 14:33:41.056,,1028.494,Media file(s),player #1:C:\Users\esthe\Downloads\ligh_1605_bloc1bis\GP010699.MP4,0.0,1062.061,29.970,Lightnose,jaw movement,,POINT,606.473,C:\Users\esthe\Downloads\ligh_1605_bloc1bis\GP010699.MP4,18176,NA,
ligh_1605_bloc1bis,2025-07-07 14:33:41.056,,1028.494,Media file(s),player #1:C:\Users\esthe\Downloads\ligh_1605_bloc1bis\GP010699.MP4,0.0,1062.061,29.970,Lightnose,mouth,,POINT,606.573,C:\Users\esthe\Downloads\ligh_1605_bloc1bis\GP010699.MP4,18179,NA,
ligh_1605_bloc1bis,2025-07-07 14:33:41.056,,1028.494,Media file(s),player #1:C:\Users\esthe\Downloads\ligh_1605_bloc1bis\GP010699.MP4,0.0,1062.061,29.970,Lightnose,assessing,,STOP,606.639,C:\Users\esthe\Downloads\ligh_1605_bloc1bis\GP010699.MP4,18181,NA,
ligh_1605_bloc1bis,2025-07-07 14:33:41.056,,1028.494,Media file(s),player #1:C:\Users\esthe\Downloads\ligh_1605_bloc1bis\GP010699.MP4,0.0,1062.061,29.970,Lightnose,target,,START,606.806,C:\Users\esthe\Downloads\ligh_1605_bloc1bis\GP010699.MP4,18186,NA,
ligh_1605_bloc1bis,2025-07-07 14:33:41.056,,1028.494,Media file(s),player #1:C:\Users\esthe\Downloads\ligh_1605_bloc1bis\GP010699.MP4,0.0,1062.061,29.970,Lightnose,target,,STOP,615.648,C:\Users\esthe\Downloads\ligh_1605_bloc1bis\GP010699.MP4,18451,NA,
ligh_1605_bloc1bis,2025-07-07 14:33:41.056,,1028.494,Media file(s),player #1:C:\Users\esthe\Downloads\ligh_1605_bloc1bis\GP010699.MP4,0.0,1062.061,29.970,Lightnose,startpeanutcontrol,,POINT,757.590,C:\Users\esthe\Downloads\ligh_1605_bloc1bis\GP010699.MP4,22705,NA,
ligh_1605_bloc1bis,2025-07-07 14:33:41.056,,1028.494,Media file(s),player #1:C:\Users\esthe\Downloads\ligh_1605_bloc1bis\GP010699.MP4,0.0,1062.061,29.970,Lightnose,target,,START,770.103,C:\Users\esthe\Downloads\ligh_1605_bloc1bis\GP010699.MP4,23080,NA,
ligh_1605_bloc1bis,2025-07-07 14:33:41.056,,1028.494,Media file(s),player #1:C:\Users\esthe\Downloads\ligh_1605_bloc1bis\GP010699.MP4,0.0,1062.061,29.970,Lightnose,target,,STOP,781.948,C:\Users\esthe\Downloads\ligh_1605_bloc1bis\GP010699.MP4,23435,NA,
ligh_1605_bloc1bis,2025-07-07 14:33:41.056,,1028.494,Media file(s),player #1:C:\Users\esthe\Downloads\ligh_1605_bloc1bis\GP010699.MP4,0.0,1062.061,29.970,Lightnose,bending,,START,782.181,C:\Users\esthe\Downloads\ligh_1605_bloc1bis\GP010699.MP4,23442,NA,
ligh_1605_bloc1bis,2025-07-07 14:33:41.056,,1028.494,Media file(s),player #1:C:\Users\esthe\Downloads\ligh_1605_bloc1bis\GP010699.MP4,0.0,1062.061,29.970,Lightnose,bending,,STOP,783.149,C:\Users\esthe\Downloads\ligh_1605_bloc1bis\GP010699.MP4,23471,NA,
ligh_1605_bloc1bis,2025-07-07 14:33:41.056,,1028.494,Media file(s),player #1:C:\Users\esthe\Downloads\ligh_1605_bloc1bis\GP010699.MP4,0.0,1062.061,29.970,Lightnose,grabbing peanut,,POINT,783.149,C:\Users\esthe\Downloads\ligh_1605_bloc1bis\GP010699.MP4,23471,NA,
ligh_1605_bloc1bis,2025-07-07 14:33:41.056,,1028.494,Media file(s),player #1:C:\Users\esthe\Downloads\ligh_1605_bloc1bis\GP010699.MP4,0.0,1062.061,29.970,Lightnose,lifting,,START,783.216,C:\Users\esthe\Downloads\ligh_1605_bloc1bis\GP010699.MP4,23473,NA,
ligh_1605_bloc1bis,2025-07-07 14:33:41.056,,1028.494,Media file(s),player #1:C:\Users\esthe\Downloads\ligh_1605_bloc1bis\GP010699.MP4,0.0,1062.061,29.970,Lightnose,lifting,,STOP,783.549,C:\Users\esthe\Downloads\ligh_1605_bloc1bis\GP010699.MP4,23483,NA,
ligh_1605_bloc1bis,2025-07-07 14:33:41.056,,1028.494,Media file(s),player #1:C:\Users\esthe\Downloads\ligh_1605_bloc1bis\GP010699.MP4,0.0,1062.061,29.970,Lightnose,target,,START,784.884,C:\Users\esthe\Downloads\ligh_1605_bloc1bis\GP010699.MP4,23523,NA,
ligh_1605_bloc1bis,2025-07-07 14:33:41.056,,1028.494,Media file(s),player #1:C:\Users\esthe\Downloads\ligh_1605_bloc1bis\GP010699.MP4,0.0,1062.061,29.970,Lightnose,target,,STOP,791.991,C:\Users\esthe\Downloads\ligh_1605_bloc1bis\GP010699.MP4,23737,NA,
ligh_1605_bloc1bis,2025-07-07 14:33:41.056,,1028.494,Media file(s),player #1:C:\Users\esthe\Downloads\ligh_1605_bloc1bis\GP010699.MP4,0.0,1062.061,29.970,Lightnose,startpeanut1.5,,POINT,817.550,C:\Users\esthe\Downloads\ligh_1605_bloc1bis\GP010699.MP4,24502,NA,
ligh_1605_bloc1bis,2025-07-07 14:33:41.056,,1028.494,Media file(s),player #1:C:\Users\esthe\Downloads\ligh_1605_bloc1bis\GP010699.MP4,0.0,1062.061,29.970,Lightnose,target,,START,817.550,C:\Users\esthe\Downloads\ligh_1605_bloc1bis\GP010699.MP4,24502,NA,
ligh_1605_bloc1bis,2025-07-07 14:33:41.056,,1028.494,Media file(s),player #1:C:\Users\esthe\Downloads\ligh_1605_bloc1bis\GP010699.MP4,0.0,1062.061,29.970,Lightnose,target,,STOP,834.734,C:\Users\esthe\Downloads\ligh_1605_bloc1bis\GP010699.MP4,25017,NA,
ligh_1605_bloc1bis,2025-07-07 14:33:41.056,,1028.494,Media file(s),player #1:C:\Users\esthe\Downloads\ligh_1605_bloc1bis\GP010699.MP4,0.0,1062.061,29.970,Lightnose,sniffing,,POINT,836.235,C:\Users\esthe\Downloads\ligh_1605_bloc1bis\GP010699.MP4,25062,NA,
ligh_1605_bloc1bis,2025-07-07 14:33:41.056,,1028.494,Media file(s),player #1:C:\Users\esthe\Downloads\ligh_1605_bloc1bis\GP010699.MP4,0.0,1062.061,29.970,Lightnose,bending,,START,836.736,C:\Users\esthe\Downloads\ligh_1605_bloc1bis\GP010699.MP4,25077,NA,
ligh_1605_bloc1bis,2025-07-07 14:33:41.056,,1028.494,Media file(s),player #1:C:\Users\esthe\Downloads\ligh_1605_bloc1bis\GP010699.MP4,0.0,1062.061,29.970,Lightnose,bending,,STOP,837.403,C:\Users\esthe\Downloads\ligh_1605_bloc1bis\GP010699.MP4,25097,NA,
ligh_1605_bloc1bis,2025-07-07 14:33:41.056,,1028.494,Media file(s),player #1:C:\Users\esthe\Downloads\ligh_1605_bloc1bis\GP010699.MP4,0.0,1062.061,29.970,Lightnose,grabbing peanut,,POINT,837.403,C:\Users\esthe\Downloads\ligh_1605_bloc1bis\GP010699.MP4,25097,NA,
ligh_1605_bloc1bis,2025-07-07 14:33:41.056,,1028.494,Media file(s),player #1:C:\Users\esthe\Downloads\ligh_1605_bloc1bis\GP010699.MP4,0.0,1062.061,29.970,Lightnose,lifting,,START,837.403,C:\Users\esthe\Downloads\ligh_1605_bloc1bis\GP010699.MP4,25097,NA,
ligh_1605_bloc1bis,2025-07-07 14:33:41.056,,1028.494,Media file(s),player #1:C:\Users\esthe\Downloads\ligh_1605_bloc1bis\GP010699.MP4,0.0,1062.061,29.970,Lightnose,lifting,,STOP,838.104,C:\Users\esthe\Downloads\ligh_1605_bloc1bis\GP010699.MP4,25118,NA,
ligh_1605_bloc1bis,2025-07-07 14:33:41.056,,1028.494,Media file(s),player #1:C:\Users\esthe\Downloads\ligh_1605_bloc1bis\GP010699.MP4,0.0,1062.061,29.970,Lightnose,target,,START,838.738,C:\Users\esthe\Downloads\ligh_1605_bloc1bis\GP010699.MP4,25137,NA,
ligh_1605_bloc1bis,2025-07-07 14:33:41.056,,1028.494,Media file(s),player #1:C:\Users\esthe\Downloads\ligh_1605_bloc1bis\GP010699.MP4,0.0,1062.061,29.970,Lightnose,target,,STOP,873.239,C:\Users\esthe\Downloads\ligh_1605_bloc1bis\GP010699.MP4,26171,NA,
ligh_1605_bloc1bis,2025-07-07 14:33:41.056,,1028.494,Media file(s),player #1:C:\Users\esthe\Downloads\ligh_1605_bloc1bis\GP010699.MP4,0.0,1062.061,29.970,Lightnose,startpeanutcontrol,,POINT,1034.901,C:\Users\esthe\Downloads\ligh_1605_bloc1bis\GP010699.MP4,31016,NA,
ligh_1605_bloc1bis,2025-07-07 14:33:41.056,,1028.494,Media file(s),player #1:C:\Users\esthe\Downloads\ligh_1605_bloc1bis\GP010699.MP4,0.0,1062.061,29.970,Lightnose,target,,START,1038.304,C:\Users\esthe\Downloads\ligh_1605_bloc1bis\GP010699.MP4,31118,NA,
ligh_1605_bloc1bis,2025-07-07 14:33:41.056,,1028.494,Media file(s),player #1:C:\Users\esthe\Downloads\ligh_1605_bloc1bis\GP010699.MP4,0.0,1062.061,29.970,Lightnose,target,,STOP,1043.476,C:\Users\esthe\Downloads\ligh_1605_bloc1bis\GP010699.MP4,31273,NA,
ligh_1605_bloc1bis,2025-07-07 14:33:41.056,,1028.494,Media file(s),player #1:C:\Users\esthe\Downloads\ligh_1605_bloc1bis\GP010699.MP4,0.0,1062.061,29.970,Lightnose,sniffing,,POINT,1044.043,C:\Users\esthe\Downloads\ligh_1605_bloc1bis\GP010699.MP4,31290,NA,
ligh_1605_bloc1bis,2025-07-07 14:33:41.056,,1028.494,Media file(s),player #1:C:\Users\esthe\Downloads\ligh_1605_bloc1bis\GP010699.MP4,0.0,1062.061,29.970,Lightnose,bending,,START,1044.076,C:\Users\esthe\Downloads\ligh_1605_bloc1bis\GP010699.MP4,31291,NA,
ligh_1605_bloc1bis,2025-07-07 14:33:41.056,,1028.494,Media file(s),player #1:C:\Users\esthe\Downloads\ligh_1605_bloc1bis\GP010699.MP4,0.0,1062.061,29.970,Lightnose,bending,,STOP,1045.278,C:\Users\esthe\Downloads\ligh_1605_bloc1bis\GP010699.MP4,31327,NA,
ligh_1605_bloc1bis,2025-07-07 14:33:41.056,,1028.494,Media file(s),player #1:C:\Users\esthe\Downloads\ligh_1605_bloc1bis\GP010699.MP4,0.0,1062.061,29.970,Lightnose,grabbing peanut,,POINT,1045.678,C:\Users\esthe\Downloads\ligh_1605_bloc1bis\GP010699.MP4,31339,NA,
ligh_1605_bloc1bis,2025-07-07 14:33:41.056,,1028.494,Media file(s),player #1:C:\Users\esthe\Downloads\ligh_1605_bloc1bis\GP010699.MP4,0.0,1062.061,29.970,Lightnose,lifting,,START,1045.778,C:\Users\esthe\Downloads\ligh_1605_bloc1bis\GP010699.MP4,31342,NA,
ligh_1605_bloc1bis,2025-07-07 14:33:41.056,,1028.494,Media file(s),player #1:C:\Users\esthe\Downloads\ligh_1605_bloc1bis\GP010699.MP4,0.0,1062.061,29.970,Lightnose,lifting,,STOP,1046.245,C:\Users\esthe\Downloads\ligh_1605_bloc1bis\GP010699.MP4,31356,NA,
ligh_1605_bloc1bis,2025-07-07 14:33:41.056,,1028.494,Media file(s),player #1:C:\Users\esthe\Downloads\ligh_1605_bloc1bis\GP010699.MP4,0.0,1062.061,29.970,Lightnose,target,,START,1046.545,C:\Users\esthe\Downloads\ligh_1605_bloc1bis\GP010699.MP4,31365,NA,
ligh_1605_bloc1bis,2025-07-07 14:33:41.056,,1028.494,Media file(s),player #1:C:\Users\esthe\Downloads\ligh_1605_bloc1bis\GP010699.MP4,0.0,1062.061,29.970,Lightnose,target,,STOP,1056.822,C:\Users\esthe\Downloads\ligh_1605_bloc1bis\GP010699.MP4,31673,NA,
