Observation id,Observation date,Description,Observation duration,Observation type,Source,Time offset (s),Media duration (s),FPS,Subject,Behavior,Behavioral category,Modifier #1,Behavior type,Time,Media file name,Image index,Image file path,Comment
repo_1905_bloc0,2025-07-02 14:00:59.674,,840.006,Media file(s),player #1:C:\Users\esthe\Downloads\repo_1905_bloc0\GOPR0701.MP4,0.0,1062.061,29.970,Repousse,target,,,START,79.746,C:\Users\esthe\Downloads\repo_1905_bloc0\GOPR0701.MP4,2390,NA,
repo_1905_bloc0,2025-07-02 14:00:59.674,,840.006,Media file(s),player #1:C:\Users\esthe\Downloads\repo_1905_bloc0\GOPR0701.MP4,0.0,1062.061,29.970,Repousse,target,,,STOP,90.757,C:\Users\esthe\Downloads\repo_1905_bloc0\GOPR0701.MP4,2720,NA,
repo_1905_bloc0,2025-07-02 14:00:59.674,,840.006,Media file(s),player #1:C:\Users\esthe\Downloads\repo_1905_bloc0\GOPR0701.MP4,0.0,1062.061,29.970,Repousse,bending,,,START,90.958,C:\Users\esthe\Downloads\repo_1905_bloc0\GOPR0701.MP4,2726,NA,
repo_1905_bloc0,2025-07-02 14:00:59.674,,840.006,Media file(s),player #1:C:\Users\esthe\Downloads\repo_1905_bloc0\GOPR0701.MP4,0.0,1062.061,29.970,Repousse,bending,,,STOP,91.425,C:\Users\esthe\Downloads\repo_1905_bloc0\GOPR0701.MP4,2740,NA,
repo_1905_bloc0,2025-07-02 14:00:59.674,,840.006,Media file(s),player #1:C:\Users\esthe\Downloads\repo_1905_bloc0\GOPR0701.MP4,0.0,1062.061,29.970,Repousse,grabbing peanut,,,POINT,91.425,C:\Users\esthe\Downloads\repo_1905_bloc0\GOPR0701.MP4,2740,NA,
repo_1905_bloc0,2025-07-02 14:00:59.674,,840.006,Media file(s),player #1:C:\Users\esthe\Downloads\repo_1905_bloc0\GOPR0701.MP4,0.0,1062.061,29.970,Repousse,lifting,,,START,91.458,C:\Users\esthe\Downloads\repo_1905_bloc0\GOPR0701.MP4,2741,NA,
repo_1905_bloc0,2025-07-02 14:00:59.674,,840.006,Media file(s),player #1:C:\Users\esthe\Downloads\repo_1905_bloc0\GOPR0701.MP4,0.0,1062.061,29.970,Repousse,lifting,,,STOP,91.892,C:\Users\esthe\Downloads\repo_1905_bloc0\GOPR0701.MP4,2754,NA,
repo_1905_bloc0,2025-07-02 14:00:59.674,,840.006,Media file(s),player #1:C:\Users\esthe\Downloads\repo_1905_bloc0\GOPR0701.MP4,0.0,1062.061,29.970,Repousse,assessing,,,START,92.025,C:\Users\esthe\Downloads\repo_1905_bloc0\GOPR0701.MP4,2758,NA,
repo_1905_bloc0,2025-07-02 14:00:59.674,,840.006,Media file(s),player #1:C:\Users\esthe\Downloads\repo_1905_bloc0\GOPR0701.MP4,0.0,1062.061,29.970,Repousse,jaw movement,,,POINT,92.192,C:\Users\esthe\Downloads\repo_1905_bloc0\GOPR0701.MP4,2763,NA,
repo_1905_bloc0,2025-07-02 14:00:59.674,,840.006,Media file(s),player #1:C:\Users\esthe\Downloads\repo_1905_bloc0\GOPR0701.MP4,0.0,1062.061,29.970,Repousse,translational movement,,,POINT,92.259,C:\Users\esthe\Downloads\repo_1905_bloc0\GOPR0701.MP4,2765,NA,
repo_1905_bloc0,2025-07-02 14:00:59.674,,840.006,Media file(s),player #1:C:\Users\esthe\Downloads\repo_1905_bloc0\GOPR0701.MP4,0.0,1062.061,29.970,Repousse,jaw movement,,,POINT,92.492,C:\Users\esthe\Downloads\repo_1905_bloc0\GOPR0701.MP4,2772,NA,
repo_1905_bloc0,2025-07-02 14:00:59.674,,840.006,Media file(s),player #1:C:\Users\esthe\Downloads\repo_1905_bloc0\GOPR0701.MP4,0.0,1062.061,29.970,Repousse,translational movement,,,POINT,92.726,C:\Users\esthe\Downloads\repo_1905_bloc0\GOPR0701.MP4,2779,NA,
repo_1905_bloc0,2025-07-02 14:00:59.674,,840.006,Media file(s),player #1:C:\Users\esthe\Downloads\repo_1905_bloc0\GOPR0701.MP4,0.0,1062.061,29.970,Repousse,jaw movement,,,POINT,92.793,C:\Users\esthe\Downloads\repo_1905_bloc0\GOPR0701.MP4,2781,NA,
repo_1905_bloc0,2025-07-02 14:00:59.674,,840.006,Media file(s),player #1:C:\Users\esthe\Downloads\repo_1905_bloc0\GOPR0701.MP4,0.0,1062.061,29.970,Repousse,rotation,,Horizontal,START,92.793,C:\Users\esthe\Downloads\repo_1905_bloc0\GOPR0701.MP4,2781,NA,
repo_1905_bloc0,2025-07-02 14:00:59.674,,840.006,Media file(s),player #1:C:\Users\esthe\Downloads\repo_1905_bloc0\GOPR0701.MP4,0.0,1062.061,29.970,Repousse,mouth,,,POINT,93.293,C:\Users\esthe\Downloads\repo_1905_bloc0\GOPR0701.MP4,2796,NA,
repo_1905_bloc0,2025-07-02 14:00:59.674,,840.006,Media file(s),player #1:C:\Users\esthe\Downloads\repo_1905_bloc0\GOPR0701.MP4,0.0,1062.061,29.970,Repousse,rotation,,Horizontal,STOP,93.293,C:\Users\esthe\Downloads\repo_1905_bloc0\GOPR0701.MP4,2796,NA,
repo_1905_bloc0,2025-07-02 14:00:59.674,,840.006,Media file(s),player #1:C:\Users\esthe\Downloads\repo_1905_bloc0\GOPR0701.MP4,0.0,1062.061,29.970,Repousse,assessing,,,STOP,93.327,C:\Users\esthe\Downloads\repo_1905_bloc0\GOPR0701.MP4,2797,NA,
repo_1905_bloc0,2025-07-02 14:00:59.674,,840.006,Media file(s),player #1:C:\Users\esthe\Downloads\repo_1905_bloc0\GOPR0701.MP4,0.0,1062.061,29.970,Repousse,target,,,START,94.695,C:\Users\esthe\Downloads\repo_1905_bloc0\GOPR0701.MP4,2838,NA,
repo_1905_bloc0,2025-07-02 14:00:59.674,,840.006,Media file(s),player #1:C:\Users\esthe\Downloads\repo_1905_bloc0\GOPR0701.MP4,0.0,1062.061,29.970,Repousse,target,,,STOP,97.631,C:\Users\esthe\Downloads\repo_1905_bloc0\GOPR0701.MP4,2926,NA,
repo_1905_bloc0,2025-07-02 14:00:59.674,,840.006,Media file(s),player #1:C:\Users\esthe\Downloads\repo_1905_bloc0\GOPR0701.MP4,0.0,1062.061,29.970,Repousse,"startpeanut0,3",,,POINT,155.656,C:\Users\esthe\Downloads\repo_1905_bloc0\GOPR0701.MP4,4665,NA,
repo_1905_bloc0,2025-07-02 14:00:59.674,,840.006,Media file(s),player #1:C:\Users\esthe\Downloads\repo_1905_bloc0\GOPR0701.MP4,0.0,1062.061,29.970,Repousse,target,,,START,155.922,C:\Users\esthe\Downloads\repo_1905_bloc0\GOPR0701.MP4,4673,NA,
repo_1905_bloc0,2025-07-02 14:00:59.674,,840.006,Media file(s),player #1:C:\Users\esthe\Downloads\repo_1905_bloc0\GOPR0701.MP4,0.0,1062.061,29.970,Repousse,target,,,STOP,159.660,C:\Users\esthe\Downloads\repo_1905_bloc0\GOPR0701.MP4,4785,NA,
repo_1905_bloc0,2025-07-02 14:00:59.674,,840.006,Media file(s),player #1:C:\Users\esthe\Downloads\repo_1905_bloc0\GOPR0701.MP4,0.0,1062.061,29.970,Repousse,bending,,,START,159.693,C:\Users\esthe\Downloads\repo_1905_bloc0\GOPR0701.MP4,4786,NA,
repo_1905_bloc0,2025-07-02 14:00:59.674,,840.006,Media file(s),player #1:C:\Users\esthe\Downloads\repo_1905_bloc0\GOPR0701.MP4,0.0,1062.061,29.970,Repousse,bending,,,STOP,160.594,C:\Users\esthe\Downloads\repo_1905_bloc0\GOPR0701.MP4,4813,NA,
repo_1905_bloc0,2025-07-02 14:00:59.674,,840.006,Media file(s),player #1:C:\Users\esthe\Downloads\repo_1905_bloc0\GOPR0701.MP4,0.0,1062.061,29.970,Repousse,grabbing peanut,,,POINT,160.594,C:\Users\esthe\Downloads\repo_1905_bloc0\GOPR0701.MP4,4813,NA,
repo_1905_bloc0,2025-07-02 14:00:59.674,,840.006,Media file(s),player #1:C:\Users\esthe\Downloads\repo_1905_bloc0\GOPR0701.MP4,0.0,1062.061,29.970,Repousse,lifting,,,START,160.627,C:\Users\esthe\Downloads\repo_1905_bloc0\GOPR0701.MP4,4814,NA,
repo_1905_bloc0,2025-07-02 14:00:59.674,,840.006,Media file(s),player #1:C:\Users\esthe\Downloads\repo_1905_bloc0\GOPR0701.MP4,0.0,1062.061,29.970,Repousse,lifting,,,STOP,160.894,C:\Users\esthe\Downloads\repo_1905_bloc0\GOPR0701.MP4,4822,NA,
repo_1905_bloc0,2025-07-02 14:00:59.674,,840.006,Media file(s),player #1:C:\Users\esthe\Downloads\repo_1905_bloc0\GOPR0701.MP4,0.0,1062.061,29.970,Repousse,assessing,,,START,161.128,C:\Users\esthe\Downloads\repo_1905_bloc0\GOPR0701.MP4,4829,NA,
repo_1905_bloc0,2025-07-02 14:00:59.674,,840.006,Media file(s),player #1:C:\Users\esthe\Downloads\repo_1905_bloc0\GOPR0701.MP4,0.0,1062.061,29.970,Repousse,jaw movement,,,POINT,161.228,C:\Users\esthe\Downloads\repo_1905_bloc0\GOPR0701.MP4,4832,NA,
repo_1905_bloc0,2025-07-02 14:00:59.674,,840.006,Media file(s),player #1:C:\Users\esthe\Downloads\repo_1905_bloc0\GOPR0701.MP4,0.0,1062.061,29.970,Repousse,rotation,,Horizontal,START,161.228,C:\Users\esthe\Downloads\repo_1905_bloc0\GOPR0701.MP4,4832,NA,
repo_1905_bloc0,2025-07-02 14:00:59.674,,840.006,Media file(s),player #1:C:\Users\esthe\Downloads\repo_1905_bloc0\GOPR0701.MP4,0.0,1062.061,29.970,Repousse,jaw movement,,,POINT,161.561,C:\Users\esthe\Downloads\repo_1905_bloc0\GOPR0701.MP4,4842,NA,
repo_1905_bloc0,2025-07-02 14:00:59.674,,840.006,Media file(s),player #1:C:\Users\esthe\Downloads\repo_1905_bloc0\GOPR0701.MP4,0.0,1062.061,29.970,Repousse,rotation,,Horizontal,STOP,161.561,C:\Users\esthe\Downloads\repo_1905_bloc0\GOPR0701.MP4,4842,NA,
repo_1905_bloc0,2025-07-02 14:00:59.674,,840.006,Media file(s),player #1:C:\Users\esthe\Downloads\repo_1905_bloc0\GOPR0701.MP4,0.0,1062.061,29.970,Repousse,sniffing,,,POINT,161.695,C:\Users\esthe\Downloads\repo_1905_bloc0\GOPR0701.MP4,4846,NA,
repo_1905_bloc0,2025-07-02 14:00:59.674,,840.006,Media file(s),player #1:C:\Users\esthe\Downloads\repo_1905_bloc0\GOPR0701.MP4,0.0,1062.061,29.970,Repousse,jaw movement,,,POINT,161.862,C:\Users\esthe\Downloads\repo_1905_bloc0\GOPR0701.MP4,4851,NA,
repo_1905_bloc0,2025-07-02 14:00:59.674,,840.006,Media file(s),player #1:C:\Users\esthe\Downloads\repo_1905_bloc0\GOPR0701.MP4,0.0,1062.061,29.970,Repousse,jaw movement,,,POINT,162.062,C:\Users\esthe\Downloads\repo_1905_bloc0\GOPR0701.MP4,4857,NA,
repo_1905_bloc0,2025-07-02 14:00:59.674,,840.006,Media file(s),player #1:C:\Users\esthe\Downloads\repo_1905_bloc0\GOPR0701.MP4,0.0,1062.061,29.970,Repousse,jaw movement,,,POINT,162.229,C:\Users\esthe\Downloads\repo_1905_bloc0\GOPR0701.MP4,4862,NA,
repo_1905_bloc0,2025-07-02 14:00:59.674,,840.006,Media file(s),player #1:C:\Users\esthe\Downloads\repo_1905_bloc0\GOPR0701.MP4,0.0,1062.061,29.970,Repousse,rotation,,Vertical,START,162.562,C:\Users\esthe\Downloads\repo_1905_bloc0\GOPR0701.MP4,4872,NA,
repo_1905_bloc0,2025-07-02 14:00:59.674,,840.006,Media file(s),player #1:C:\Users\esthe\Downloads\repo_1905_bloc0\GOPR0701.MP4,0.0,1062.061,29.970,Repousse,sniffing,,,POINT,162.562,C:\Users\esthe\Downloads\repo_1905_bloc0\GOPR0701.MP4,4872,NA,
repo_1905_bloc0,2025-07-02 14:00:59.674,,840.006,Media file(s),player #1:C:\Users\esthe\Downloads\repo_1905_bloc0\GOPR0701.MP4,0.0,1062.061,29.970,Repousse,jaw movement,,,POINT,162.796,C:\Users\esthe\Downloads\repo_1905_bloc0\GOPR0701.MP4,4879,NA,
repo_1905_bloc0,2025-07-02 14:00:59.674,,840.006,Media file(s),player #1:C:\Users\esthe\Downloads\repo_1905_bloc0\GOPR0701.MP4,0.0,1062.061,29.970,Repousse,rotation,,Vertical,STOP,162.796,C:\Users\esthe\Downloads\repo_1905_bloc0\GOPR0701.MP4,4879,NA,
repo_1905_bloc0,2025-07-02 14:00:59.674,,840.006,Media file(s),player #1:C:\Users\esthe\Downloads\repo_1905_bloc0\GOPR0701.MP4,0.0,1062.061,29.970,Repousse,rotation,,Vertical,START,162.829,C:\Users\esthe\Downloads\repo_1905_bloc0\GOPR0701.MP4,4880,NA,
repo_1905_bloc0,2025-07-02 14:00:59.674,,840.006,Media file(s),player #1:C:\Users\esthe\Downloads\repo_1905_bloc0\GOPR0701.MP4,0.0,1062.061,29.970,Repousse,jaw movement,,,POINT,162.963,C:\Users\esthe\Downloads\repo_1905_bloc0\GOPR0701.MP4,4884,NA,
repo_1905_bloc0,2025-07-02 14:00:59.674,,840.006,Media file(s),player #1:C:\Users\esthe\Downloads\repo_1905_bloc0\GOPR0701.MP4,0.0,1062.061,29.970,Repousse,rotation,,Vertical,STOP,162.963,C:\Users\esthe\Downloads\repo_1905_bloc0\GOPR0701.MP4,4884,NA,
repo_1905_bloc0,2025-07-02 14:00:59.674,,840.006,Media file(s),player #1:C:\Users\esthe\Downloads\repo_1905_bloc0\GOPR0701.MP4,0.0,1062.061,29.970,Repousse,rotation,,Vertical,START,162.996,C:\Users\esthe\Downloads\repo_1905_bloc0\GOPR0701.MP4,4885,NA,
repo_1905_bloc0,2025-07-02 14:00:59.674,,840.006,Media file(s),player #1:C:\Users\esthe\Downloads\repo_1905_bloc0\GOPR0701.MP4,0.0,1062.061,29.970,Repousse,jaw movement,,,POINT,163.296,C:\Users\esthe\Downloads\repo_1905_bloc0\GOPR0701.MP4,4894,NA,
repo_1905_bloc0,2025-07-02 14:00:59.674,,840.006,Media file(s),player #1:C:\Users\esthe\Downloads\repo_1905_bloc0\GOPR0701.MP4,0.0,1062.061,29.970,Repousse,rotation,,Vertical,STOP,163.296,C:\Users\esthe\Downloads\repo_1905_bloc0\GOPR0701.MP4,4894,NA,
repo_1905_bloc0,2025-07-02 14:00:59.674,,840.006,Media file(s),player #1:C:\Users\esthe\Downloads\repo_1905_bloc0\GOPR0701.MP4,0.0,1062.061,29.970,Repousse,rotation,,Vertical,START,163.330,C:\Users\esthe\Downloads\repo_1905_bloc0\GOPR0701.MP4,4895,NA,
repo_1905_bloc0,2025-07-02 14:00:59.674,,840.006,Media file(s),player #1:C:\Users\esthe\Downloads\repo_1905_bloc0\GOPR0701.MP4,0.0,1062.061,29.970,Repousse,jaw movement,,,POINT,163.430,C:\Users\esthe\Downloads\repo_1905_bloc0\GOPR0701.MP4,4898,NA,
repo_1905_bloc0,2025-07-02 14:00:59.674,,840.006,Media file(s),player #1:C:\Users\esthe\Downloads\repo_1905_bloc0\GOPR0701.MP4,0.0,1062.061,29.970,Repousse,rotation,,Vertical,STOP,163.430,C:\Users\esthe\Downloads\repo_1905_bloc0\GOPR0701.MP4,4898,NA,
repo_1905_bloc0,2025-07-02 14:00:59.674,,840.006,Media file(s),player #1:C:\Users\esthe\Downloads\repo_1905_bloc0\GOPR0701.MP4,0.0,1062.061,29.970,Repousse,translational movement,,,POINT,163.463,C:\Users\esthe\Downloads\repo_1905_bloc0\GOPR0701.MP4,4899,NA,
repo_1905_bloc0,2025-07-02 14:00:59.674,,840.006,Media file(s),player #1:C:\Users\esthe\Downloads\repo_1905_bloc0\GOPR0701.MP4,0.0,1062.061,29.970,Repousse,jaw movement,,,POINT,163.563,C:\Users\esthe\Downloads\repo_1905_bloc0\GOPR0701.MP4,4902,NA,
repo_1905_bloc0,2025-07-02 14:00:59.674,,840.006,Media file(s),player #1:C:\Users\esthe\Downloads\repo_1905_bloc0\GOPR0701.MP4,0.0,1062.061,29.970,Repousse,jaw movement,,,POINT,163.830,C:\Users\esthe\Downloads\repo_1905_bloc0\GOPR0701.MP4,4910,NA,
repo_1905_bloc0,2025-07-02 14:00:59.674,,840.006,Media file(s),player #1:C:\Users\esthe\Downloads\repo_1905_bloc0\GOPR0701.MP4,0.0,1062.061,29.970,Repousse,mouth,,,POINT,164.031,C:\Users\esthe\Downloads\repo_1905_bloc0\GOPR0701.MP4,4916,NA,
repo_1905_bloc0,2025-07-02 14:00:59.674,,840.006,Media file(s),player #1:C:\Users\esthe\Downloads\repo_1905_bloc0\GOPR0701.MP4,0.0,1062.061,29.970,Repousse,assessing,,,STOP,164.064,C:\Users\esthe\Downloads\repo_1905_bloc0\GOPR0701.MP4,4917,NA,
repo_1905_bloc0,2025-07-02 14:00:59.674,,840.006,Media file(s),player #1:C:\Users\esthe\Downloads\repo_1905_bloc0\GOPR0701.MP4,0.0,1062.061,29.970,Repousse,target,,,START,165.132,C:\Users\esthe\Downloads\repo_1905_bloc0\GOPR0701.MP4,4949,NA,
repo_1905_bloc0,2025-07-02 14:00:59.674,,840.006,Media file(s),player #1:C:\Users\esthe\Downloads\repo_1905_bloc0\GOPR0701.MP4,0.0,1062.061,29.970,Repousse,pause,,,START,166.133,C:\Users\esthe\Downloads\repo_1905_bloc0\GOPR0701.MP4,4979,NA,
repo_1905_bloc0,2025-07-02 14:00:59.674,,840.006,Media file(s),player #1:C:\Users\esthe\Downloads\repo_1905_bloc0\GOPR0701.MP4,0.0,1062.061,29.970,Repousse,pause,,,STOP,167.467,C:\Users\esthe\Downloads\repo_1905_bloc0\GOPR0701.MP4,5019,NA,
repo_1905_bloc0,2025-07-02 14:00:59.674,,840.006,Media file(s),player #1:C:\Users\esthe\Downloads\repo_1905_bloc0\GOPR0701.MP4,0.0,1062.061,29.970,Repousse,target,,,STOP,168.969,C:\Users\esthe\Downloads\repo_1905_bloc0\GOPR0701.MP4,5064,NA,
repo_1905_bloc0,2025-07-02 14:00:59.674,,840.006,Media file(s),player #1:C:\Users\esthe\Downloads\repo_1905_bloc0\GOPR0701.MP4,0.0,1062.061,29.970,Repousse,"startpeanut0,7",,,POINT,383.817,C:\Users\esthe\Downloads\repo_1905_bloc0\GOPR0701.MP4,11503,NA,
repo_1905_bloc0,2025-07-02 14:00:59.674,,840.006,Media file(s),player #1:C:\Users\esthe\Downloads\repo_1905_bloc0\GOPR0701.MP4,0.0,1062.061,29.970,Repousse,target,,,START,383.984,C:\Users\esthe\Downloads\repo_1905_bloc0\GOPR0701.MP4,11508,NA,
repo_1905_bloc0,2025-07-02 14:00:59.674,,840.006,Media file(s),player #1:C:\Users\esthe\Downloads\repo_1905_bloc0\GOPR0701.MP4,0.0,1062.061,29.970,Repousse,target,,,STOP,387.921,C:\Users\esthe\Downloads\repo_1905_bloc0\GOPR0701.MP4,11626,NA,
repo_1905_bloc0,2025-07-02 14:00:59.674,,840.006,Media file(s),player #1:C:\Users\esthe\Downloads\repo_1905_bloc0\GOPR0701.MP4,0.0,1062.061,29.970,Repousse,bending,,,START,387.988,C:\Users\esthe\Downloads\repo_1905_bloc0\GOPR0701.MP4,11628,NA,
repo_1905_bloc0,2025-07-02 14:00:59.674,,840.006,Media file(s),player #1:C:\Users\esthe\Downloads\repo_1905_bloc0\GOPR0701.MP4,0.0,1062.061,29.970,Repousse,bending,,,STOP,388.889,C:\Users\esthe\Downloads\repo_1905_bloc0\GOPR0701.MP4,11655,NA,
repo_1905_bloc0,2025-07-02 14:00:59.674,,840.006,Media file(s),player #1:C:\Users\esthe\Downloads\repo_1905_bloc0\GOPR0701.MP4,0.0,1062.061,29.970,Repousse,grabbing peanut,,,POINT,388.889,C:\Users\esthe\Downloads\repo_1905_bloc0\GOPR0701.MP4,11655,NA,
repo_1905_bloc0,2025-07-02 14:00:59.674,,840.006,Media file(s),player #1:C:\Users\esthe\Downloads\repo_1905_bloc0\GOPR0701.MP4,0.0,1062.061,29.970,Repousse,lifting,,,START,388.922,C:\Users\esthe\Downloads\repo_1905_bloc0\GOPR0701.MP4,11656,NA,
repo_1905_bloc0,2025-07-02 14:00:59.674,,840.006,Media file(s),player #1:C:\Users\esthe\Downloads\repo_1905_bloc0\GOPR0701.MP4,0.0,1062.061,29.970,Repousse,lifting,,,STOP,389.122,C:\Users\esthe\Downloads\repo_1905_bloc0\GOPR0701.MP4,11662,NA,
repo_1905_bloc0,2025-07-02 14:00:59.674,,840.006,Media file(s),player #1:C:\Users\esthe\Downloads\repo_1905_bloc0\GOPR0701.MP4,0.0,1062.061,29.970,Repousse,assessing,,,START,389.256,C:\Users\esthe\Downloads\repo_1905_bloc0\GOPR0701.MP4,11666,NA,
repo_1905_bloc0,2025-07-02 14:00:59.674,,840.006,Media file(s),player #1:C:\Users\esthe\Downloads\repo_1905_bloc0\GOPR0701.MP4,0.0,1062.061,29.970,Repousse,jaw movement,,,POINT,389.289,C:\Users\esthe\Downloads\repo_1905_bloc0\GOPR0701.MP4,11667,NA,
repo_1905_bloc0,2025-07-02 14:00:59.674,,840.006,Media file(s),player #1:C:\Users\esthe\Downloads\repo_1905_bloc0\GOPR0701.MP4,0.0,1062.061,29.970,Repousse,licking,,,POINT,389.422,C:\Users\esthe\Downloads\repo_1905_bloc0\GOPR0701.MP4,11671,NA,
repo_1905_bloc0,2025-07-02 14:00:59.674,,840.006,Media file(s),player #1:C:\Users\esthe\Downloads\repo_1905_bloc0\GOPR0701.MP4,0.0,1062.061,29.970,Repousse,sniffing,,,POINT,389.522,C:\Users\esthe\Downloads\repo_1905_bloc0\GOPR0701.MP4,11674,NA,
repo_1905_bloc0,2025-07-02 14:00:59.674,,840.006,Media file(s),player #1:C:\Users\esthe\Downloads\repo_1905_bloc0\GOPR0701.MP4,0.0,1062.061,29.970,Repousse,translational movement,,,POINT,389.656,C:\Users\esthe\Downloads\repo_1905_bloc0\GOPR0701.MP4,11678,NA,
repo_1905_bloc0,2025-07-02 14:00:59.674,,840.006,Media file(s),player #1:C:\Users\esthe\Downloads\repo_1905_bloc0\GOPR0701.MP4,0.0,1062.061,29.970,Repousse,licking,,,POINT,389.689,C:\Users\esthe\Downloads\repo_1905_bloc0\GOPR0701.MP4,11679,NA,
repo_1905_bloc0,2025-07-02 14:00:59.674,,840.006,Media file(s),player #1:C:\Users\esthe\Downloads\repo_1905_bloc0\GOPR0701.MP4,0.0,1062.061,29.970,Repousse,translational movement,,,POINT,389.823,C:\Users\esthe\Downloads\repo_1905_bloc0\GOPR0701.MP4,11683,NA,
repo_1905_bloc0,2025-07-02 14:00:59.674,,840.006,Media file(s),player #1:C:\Users\esthe\Downloads\repo_1905_bloc0\GOPR0701.MP4,0.0,1062.061,29.970,Repousse,licking,,,POINT,389.856,C:\Users\esthe\Downloads\repo_1905_bloc0\GOPR0701.MP4,11684,NA,
repo_1905_bloc0,2025-07-02 14:00:59.674,,840.006,Media file(s),player #1:C:\Users\esthe\Downloads\repo_1905_bloc0\GOPR0701.MP4,0.0,1062.061,29.970,Repousse,jaw movement,,,POINT,389.923,C:\Users\esthe\Downloads\repo_1905_bloc0\GOPR0701.MP4,11686,NA,
repo_1905_bloc0,2025-07-02 14:00:59.674,,840.006,Media file(s),player #1:C:\Users\esthe\Downloads\repo_1905_bloc0\GOPR0701.MP4,0.0,1062.061,29.970,Repousse,rotation,,Horizontal,START,389.923,C:\Users\esthe\Downloads\repo_1905_bloc0\GOPR0701.MP4,11686,NA,
repo_1905_bloc0,2025-07-02 14:00:59.674,,840.006,Media file(s),player #1:C:\Users\esthe\Downloads\repo_1905_bloc0\GOPR0701.MP4,0.0,1062.061,29.970,Repousse,sniffing,,,POINT,390.156,C:\Users\esthe\Downloads\repo_1905_bloc0\GOPR0701.MP4,11693,NA,
repo_1905_bloc0,2025-07-02 14:00:59.674,,840.006,Media file(s),player #1:C:\Users\esthe\Downloads\repo_1905_bloc0\GOPR0701.MP4,0.0,1062.061,29.970,Repousse,rotation,,Horizontal,STOP,390.357,C:\Users\esthe\Downloads\repo_1905_bloc0\GOPR0701.MP4,11699,NA,
repo_1905_bloc0,2025-07-02 14:00:59.674,,840.006,Media file(s),player #1:C:\Users\esthe\Downloads\repo_1905_bloc0\GOPR0701.MP4,0.0,1062.061,29.970,Repousse,teeth-hole contact,,,POINT,390.357,C:\Users\esthe\Downloads\repo_1905_bloc0\GOPR0701.MP4,11699,NA,
repo_1905_bloc0,2025-07-02 14:00:59.674,,840.006,Media file(s),player #1:C:\Users\esthe\Downloads\repo_1905_bloc0\GOPR0701.MP4,0.0,1062.061,29.970,Repousse,jaw movement,,,POINT,390.523,C:\Users\esthe\Downloads\repo_1905_bloc0\GOPR0701.MP4,11704,NA,
repo_1905_bloc0,2025-07-02 14:00:59.674,,840.006,Media file(s),player #1:C:\Users\esthe\Downloads\repo_1905_bloc0\GOPR0701.MP4,0.0,1062.061,29.970,Repousse,assessing,,,STOP,390.590,C:\Users\esthe\Downloads\repo_1905_bloc0\GOPR0701.MP4,11706,NA,
repo_1905_bloc0,2025-07-02 14:00:59.674,,840.006,Media file(s),player #1:C:\Users\esthe\Downloads\repo_1905_bloc0\GOPR0701.MP4,0.0,1062.061,29.970,Repousse,jaw movement,,,POINT,390.690,C:\Users\esthe\Downloads\repo_1905_bloc0\GOPR0701.MP4,11709,NA,
repo_1905_bloc0,2025-07-02 14:00:59.674,,840.006,Media file(s),player #1:C:\Users\esthe\Downloads\repo_1905_bloc0\GOPR0701.MP4,0.0,1062.061,29.970,Repousse,peeling,,,START,390.690,C:\Users\esthe\Downloads\repo_1905_bloc0\GOPR0701.MP4,11709,NA,
repo_1905_bloc0,2025-07-02 14:00:59.674,,840.006,Media file(s),player #1:C:\Users\esthe\Downloads\repo_1905_bloc0\GOPR0701.MP4,0.0,1062.061,29.970,Repousse,jaw movement,,,POINT,390.857,C:\Users\esthe\Downloads\repo_1905_bloc0\GOPR0701.MP4,11714,NA,
repo_1905_bloc0,2025-07-02 14:00:59.674,,840.006,Media file(s),player #1:C:\Users\esthe\Downloads\repo_1905_bloc0\GOPR0701.MP4,0.0,1062.061,29.970,Repousse,jaw movement,,,POINT,391.391,C:\Users\esthe\Downloads\repo_1905_bloc0\GOPR0701.MP4,11730,NA,
repo_1905_bloc0,2025-07-02 14:00:59.674,,840.006,Media file(s),player #1:C:\Users\esthe\Downloads\repo_1905_bloc0\GOPR0701.MP4,0.0,1062.061,29.970,Repousse,jaw movement,,,POINT,391.591,C:\Users\esthe\Downloads\repo_1905_bloc0\GOPR0701.MP4,11736,NA,
repo_1905_bloc0,2025-07-02 14:00:59.674,,840.006,Media file(s),player #1:C:\Users\esthe\Downloads\repo_1905_bloc0\GOPR0701.MP4,0.0,1062.061,29.970,Repousse,jaw movement,,,POINT,391.925,C:\Users\esthe\Downloads\repo_1905_bloc0\GOPR0701.MP4,11746,NA,
repo_1905_bloc0,2025-07-02 14:00:59.674,,840.006,Media file(s),player #1:C:\Users\esthe\Downloads\repo_1905_bloc0\GOPR0701.MP4,0.0,1062.061,29.970,Repousse,jaw movement,,,POINT,392.359,C:\Users\esthe\Downloads\repo_1905_bloc0\GOPR0701.MP4,11759,NA,
repo_1905_bloc0,2025-07-02 14:00:59.674,,840.006,Media file(s),player #1:C:\Users\esthe\Downloads\repo_1905_bloc0\GOPR0701.MP4,0.0,1062.061,29.970,Repousse,peeling,,,STOP,392.559,C:\Users\esthe\Downloads\repo_1905_bloc0\GOPR0701.MP4,11766,NA,
repo_1905_bloc0,2025-07-02 14:00:59.674,,840.006,Media file(s),player #1:C:\Users\esthe\Downloads\repo_1905_bloc0\GOPR0701.MP4,0.0,1062.061,29.970,Repousse,eating,,,START,392.859,C:\Users\esthe\Downloads\repo_1905_bloc0\GOPR0701.MP4,11774,NA,
repo_1905_bloc0,2025-07-02 14:00:59.674,,840.006,Media file(s),player #1:C:\Users\esthe\Downloads\repo_1905_bloc0\GOPR0701.MP4,0.0,1062.061,29.970,Repousse,eating,,,STOP,396.229,C:\Users\esthe\Downloads\repo_1905_bloc0\GOPR0701.MP4,11875,NA,
repo_1905_bloc0,2025-07-02 14:00:59.674,,840.006,Media file(s),player #1:C:\Users\esthe\Downloads\repo_1905_bloc0\GOPR0701.MP4,0.0,1062.061,29.970,Repousse,startpeanutcontrol,,,POINT,403.937,C:\Users\esthe\Downloads\repo_1905_bloc0\GOPR0701.MP4,12106,NA,
repo_1905_bloc0,2025-07-02 14:00:59.674,,840.006,Media file(s),player #1:C:\Users\esthe\Downloads\repo_1905_bloc0\GOPR0701.MP4,0.0,1062.061,29.970,Repousse,target,,,START,404.037,C:\Users\esthe\Downloads\repo_1905_bloc0\GOPR0701.MP4,12109,NA,
repo_1905_bloc0,2025-07-02 14:00:59.674,,840.006,Media file(s),player #1:C:\Users\esthe\Downloads\repo_1905_bloc0\GOPR0701.MP4,0.0,1062.061,29.970,Repousse,target,,,STOP,404.638,C:\Users\esthe\Downloads\repo_1905_bloc0\GOPR0701.MP4,12127,NA,
repo_1905_bloc0,2025-07-02 14:00:59.674,,840.006,Media file(s),player #1:C:\Users\esthe\Downloads\repo_1905_bloc0\GOPR0701.MP4,0.0,1062.061,29.970,Repousse,bending,,,START,405.305,C:\Users\esthe\Downloads\repo_1905_bloc0\GOPR0701.MP4,12147,NA,
repo_1905_bloc0,2025-07-02 14:00:59.674,,840.006,Media file(s),player #1:C:\Users\esthe\Downloads\repo_1905_bloc0\GOPR0701.MP4,0.0,1062.061,29.970,Repousse,bending,,,STOP,406.039,C:\Users\esthe\Downloads\repo_1905_bloc0\GOPR0701.MP4,12169,NA,
repo_1905_bloc0,2025-07-02 14:00:59.674,,840.006,Media file(s),player #1:C:\Users\esthe\Downloads\repo_1905_bloc0\GOPR0701.MP4,0.0,1062.061,29.970,Repousse,grabbing peanut,,,POINT,406.039,C:\Users\esthe\Downloads\repo_1905_bloc0\GOPR0701.MP4,12169,NA,
repo_1905_bloc0,2025-07-02 14:00:59.674,,840.006,Media file(s),player #1:C:\Users\esthe\Downloads\repo_1905_bloc0\GOPR0701.MP4,0.0,1062.061,29.970,Repousse,lifting,,,START,406.072,C:\Users\esthe\Downloads\repo_1905_bloc0\GOPR0701.MP4,12170,NA,
repo_1905_bloc0,2025-07-02 14:00:59.674,,840.006,Media file(s),player #1:C:\Users\esthe\Downloads\repo_1905_bloc0\GOPR0701.MP4,0.0,1062.061,29.970,Repousse,lifting,,,STOP,406.306,C:\Users\esthe\Downloads\repo_1905_bloc0\GOPR0701.MP4,12177,NA,
repo_1905_bloc0,2025-07-02 14:00:59.674,,840.006,Media file(s),player #1:C:\Users\esthe\Downloads\repo_1905_bloc0\GOPR0701.MP4,0.0,1062.061,29.970,Repousse,assessing,,,START,406.539,C:\Users\esthe\Downloads\repo_1905_bloc0\GOPR0701.MP4,12184,NA,
repo_1905_bloc0,2025-07-02 14:00:59.674,,840.006,Media file(s),player #1:C:\Users\esthe\Downloads\repo_1905_bloc0\GOPR0701.MP4,0.0,1062.061,29.970,Repousse,jaw movement,,,POINT,406.573,C:\Users\esthe\Downloads\repo_1905_bloc0\GOPR0701.MP4,12185,NA,
repo_1905_bloc0,2025-07-02 14:00:59.674,,840.006,Media file(s),player #1:C:\Users\esthe\Downloads\repo_1905_bloc0\GOPR0701.MP4,0.0,1062.061,29.970,Repousse,jaw movement,,,POINT,406.906,C:\Users\esthe\Downloads\repo_1905_bloc0\GOPR0701.MP4,12195,NA,
repo_1905_bloc0,2025-07-02 14:00:59.674,,840.006,Media file(s),player #1:C:\Users\esthe\Downloads\repo_1905_bloc0\GOPR0701.MP4,0.0,1062.061,29.970,Repousse,translational movement,,,POINT,407.374,C:\Users\esthe\Downloads\repo_1905_bloc0\GOPR0701.MP4,12209,NA,
repo_1905_bloc0,2025-07-02 14:00:59.674,,840.006,Media file(s),player #1:C:\Users\esthe\Downloads\repo_1905_bloc0\GOPR0701.MP4,0.0,1062.061,29.970,Repousse,jaw movement,,,POINT,407.474,C:\Users\esthe\Downloads\repo_1905_bloc0\GOPR0701.MP4,12212,NA,
repo_1905_bloc0,2025-07-02 14:00:59.674,,840.006,Media file(s),player #1:C:\Users\esthe\Downloads\repo_1905_bloc0\GOPR0701.MP4,0.0,1062.061,29.970,Repousse,jaw movement,,,POINT,407.540,C:\Users\esthe\Downloads\repo_1905_bloc0\GOPR0701.MP4,12214,NA,
repo_1905_bloc0,2025-07-02 14:00:59.674,,840.006,Media file(s),player #1:C:\Users\esthe\Downloads\repo_1905_bloc0\GOPR0701.MP4,0.0,1062.061,29.970,Repousse,rotation,,Horizontal,START,407.574,C:\Users\esthe\Downloads\repo_1905_bloc0\GOPR0701.MP4,12215,NA,
repo_1905_bloc0,2025-07-02 14:00:59.674,,840.006,Media file(s),player #1:C:\Users\esthe\Downloads\repo_1905_bloc0\GOPR0701.MP4,0.0,1062.061,29.970,Repousse,jaw movement,,,POINT,407.707,C:\Users\esthe\Downloads\repo_1905_bloc0\GOPR0701.MP4,12219,NA,
repo_1905_bloc0,2025-07-02 14:00:59.674,,840.006,Media file(s),player #1:C:\Users\esthe\Downloads\repo_1905_bloc0\GOPR0701.MP4,0.0,1062.061,29.970,Repousse,rotation,,Horizontal,STOP,407.707,C:\Users\esthe\Downloads\repo_1905_bloc0\GOPR0701.MP4,12219,NA,
repo_1905_bloc0,2025-07-02 14:00:59.674,,840.006,Media file(s),player #1:C:\Users\esthe\Downloads\repo_1905_bloc0\GOPR0701.MP4,0.0,1062.061,29.970,Repousse,assessing,,,STOP,407.807,C:\Users\esthe\Downloads\repo_1905_bloc0\GOPR0701.MP4,12222,NA,
repo_1905_bloc0,2025-07-02 14:00:59.674,,840.006,Media file(s),player #1:C:\Users\esthe\Downloads\repo_1905_bloc0\GOPR0701.MP4,0.0,1062.061,29.970,Repousse,target,,,START,409.142,C:\Users\esthe\Downloads\repo_1905_bloc0\GOPR0701.MP4,12262,NA,
repo_1905_bloc0,2025-07-02 14:00:59.674,,840.006,Media file(s),player #1:C:\Users\esthe\Downloads\repo_1905_bloc0\GOPR0701.MP4,0.0,1062.061,29.970,Repousse,target,,,STOP,411.811,C:\Users\esthe\Downloads\repo_1905_bloc0\GOPR0701.MP4,12342,NA,
repo_1905_bloc0,2025-07-02 14:00:59.674,,840.006,Media file(s),player #1:C:\Users\esthe\Downloads\repo_1905_bloc0\GOPR0701.MP4,0.0,1062.061,29.970,Repousse,startpeanut2,,,POINT,466.199,C:\Users\esthe\Downloads\repo_1905_bloc0\GOPR0701.MP4,13972,NA,
repo_1905_bloc0,2025-07-02 14:00:59.674,,840.006,Media file(s),player #1:C:\Users\esthe\Downloads\repo_1905_bloc0\GOPR0701.MP4,0.0,1062.061,29.970,Repousse,bending,,,START,468.868,C:\Users\esthe\Downloads\repo_1905_bloc0\GOPR0701.MP4,14052,NA,
repo_1905_bloc0,2025-07-02 14:00:59.674,,840.006,Media file(s),player #1:C:\Users\esthe\Downloads\repo_1905_bloc0\GOPR0701.MP4,0.0,1062.061,29.970,Repousse,bending,,,STOP,469.903,C:\Users\esthe\Downloads\repo_1905_bloc0\GOPR0701.MP4,14083,NA,
repo_1905_bloc0,2025-07-02 14:00:59.674,,840.006,Media file(s),player #1:C:\Users\esthe\Downloads\repo_1905_bloc0\GOPR0701.MP4,0.0,1062.061,29.970,Repousse,grabbing peanut,,,POINT,469.903,C:\Users\esthe\Downloads\repo_1905_bloc0\GOPR0701.MP4,14083,NA,
repo_1905_bloc0,2025-07-02 14:00:59.674,,840.006,Media file(s),player #1:C:\Users\esthe\Downloads\repo_1905_bloc0\GOPR0701.MP4,0.0,1062.061,29.970,Repousse,lifting,,,START,469.936,C:\Users\esthe\Downloads\repo_1905_bloc0\GOPR0701.MP4,14084,NA,
repo_1905_bloc0,2025-07-02 14:00:59.674,,840.006,Media file(s),player #1:C:\Users\esthe\Downloads\repo_1905_bloc0\GOPR0701.MP4,0.0,1062.061,29.970,Repousse,lifting,,,STOP,470.170,C:\Users\esthe\Downloads\repo_1905_bloc0\GOPR0701.MP4,14091,NA,
repo_1905_bloc0,2025-07-02 14:00:59.674,,840.006,Media file(s),player #1:C:\Users\esthe\Downloads\repo_1905_bloc0\GOPR0701.MP4,0.0,1062.061,29.970,Repousse,assessing,,,START,470.603,C:\Users\esthe\Downloads\repo_1905_bloc0\GOPR0701.MP4,14104,NA,
repo_1905_bloc0,2025-07-02 14:00:59.674,,840.006,Media file(s),player #1:C:\Users\esthe\Downloads\repo_1905_bloc0\GOPR0701.MP4,0.0,1062.061,29.970,Repousse,jaw movement,,,POINT,470.704,C:\Users\esthe\Downloads\repo_1905_bloc0\GOPR0701.MP4,14107,NA,
repo_1905_bloc0,2025-07-02 14:00:59.674,,840.006,Media file(s),player #1:C:\Users\esthe\Downloads\repo_1905_bloc0\GOPR0701.MP4,0.0,1062.061,29.970,Repousse,jaw movement,,,POINT,470.837,C:\Users\esthe\Downloads\repo_1905_bloc0\GOPR0701.MP4,14111,NA,
repo_1905_bloc0,2025-07-02 14:00:59.674,,840.006,Media file(s),player #1:C:\Users\esthe\Downloads\repo_1905_bloc0\GOPR0701.MP4,0.0,1062.061,29.970,Repousse,sniffing,,,POINT,470.971,C:\Users\esthe\Downloads\repo_1905_bloc0\GOPR0701.MP4,14115,NA,
repo_1905_bloc0,2025-07-02 14:00:59.674,,840.006,Media file(s),player #1:C:\Users\esthe\Downloads\repo_1905_bloc0\GOPR0701.MP4,0.0,1062.061,29.970,Repousse,jaw movement,,,POINT,471.137,C:\Users\esthe\Downloads\repo_1905_bloc0\GOPR0701.MP4,14120,NA,
repo_1905_bloc0,2025-07-02 14:00:59.674,,840.006,Media file(s),player #1:C:\Users\esthe\Downloads\repo_1905_bloc0\GOPR0701.MP4,0.0,1062.061,29.970,Repousse,rotation,,Horizontal,START,471.171,C:\Users\esthe\Downloads\repo_1905_bloc0\GOPR0701.MP4,14121,NA,
repo_1905_bloc0,2025-07-02 14:00:59.674,,840.006,Media file(s),player #1:C:\Users\esthe\Downloads\repo_1905_bloc0\GOPR0701.MP4,0.0,1062.061,29.970,Repousse,licking,,,POINT,471.404,C:\Users\esthe\Downloads\repo_1905_bloc0\GOPR0701.MP4,14128,NA,
repo_1905_bloc0,2025-07-02 14:00:59.674,,840.006,Media file(s),player #1:C:\Users\esthe\Downloads\repo_1905_bloc0\GOPR0701.MP4,0.0,1062.061,29.970,Repousse,sniffing,,,POINT,471.504,C:\Users\esthe\Downloads\repo_1905_bloc0\GOPR0701.MP4,14131,NA,
repo_1905_bloc0,2025-07-02 14:00:59.674,,840.006,Media file(s),player #1:C:\Users\esthe\Downloads\repo_1905_bloc0\GOPR0701.MP4,0.0,1062.061,29.970,Repousse,jaw movement,,,POINT,471.738,C:\Users\esthe\Downloads\repo_1905_bloc0\GOPR0701.MP4,14138,NA,
repo_1905_bloc0,2025-07-02 14:00:59.674,,840.006,Media file(s),player #1:C:\Users\esthe\Downloads\repo_1905_bloc0\GOPR0701.MP4,0.0,1062.061,29.970,Repousse,rotation,,Horizontal,STOP,471.738,C:\Users\esthe\Downloads\repo_1905_bloc0\GOPR0701.MP4,14138,NA,
repo_1905_bloc0,2025-07-02 14:00:59.674,,840.006,Media file(s),player #1:C:\Users\esthe\Downloads\repo_1905_bloc0\GOPR0701.MP4,0.0,1062.061,29.970,Repousse,rotation,,Vertical,START,471.972,C:\Users\esthe\Downloads\repo_1905_bloc0\GOPR0701.MP4,14145,NA,
repo_1905_bloc0,2025-07-02 14:00:59.674,,840.006,Media file(s),player #1:C:\Users\esthe\Downloads\repo_1905_bloc0\GOPR0701.MP4,0.0,1062.061,29.970,Repousse,jaw movement,,,POINT,472.405,C:\Users\esthe\Downloads\repo_1905_bloc0\GOPR0701.MP4,14158,NA,
repo_1905_bloc0,2025-07-02 14:00:59.674,,840.006,Media file(s),player #1:C:\Users\esthe\Downloads\repo_1905_bloc0\GOPR0701.MP4,0.0,1062.061,29.970,Repousse,rotation,,Vertical,STOP,472.405,C:\Users\esthe\Downloads\repo_1905_bloc0\GOPR0701.MP4,14158,NA,
repo_1905_bloc0,2025-07-02 14:00:59.674,,840.006,Media file(s),player #1:C:\Users\esthe\Downloads\repo_1905_bloc0\GOPR0701.MP4,0.0,1062.061,29.970,Repousse,rotation,,Vertical,START,472.472,C:\Users\esthe\Downloads\repo_1905_bloc0\GOPR0701.MP4,14160,NA,
repo_1905_bloc0,2025-07-02 14:00:59.674,,840.006,Media file(s),player #1:C:\Users\esthe\Downloads\repo_1905_bloc0\GOPR0701.MP4,0.0,1062.061,29.970,Repousse,jaw movement,,,POINT,472.772,C:\Users\esthe\Downloads\repo_1905_bloc0\GOPR0701.MP4,14169,NA,
repo_1905_bloc0,2025-07-02 14:00:59.674,,840.006,Media file(s),player #1:C:\Users\esthe\Downloads\repo_1905_bloc0\GOPR0701.MP4,0.0,1062.061,29.970,Repousse,rotation,,Vertical,STOP,472.772,C:\Users\esthe\Downloads\repo_1905_bloc0\GOPR0701.MP4,14169,NA,
repo_1905_bloc0,2025-07-02 14:00:59.674,,840.006,Media file(s),player #1:C:\Users\esthe\Downloads\repo_1905_bloc0\GOPR0701.MP4,0.0,1062.061,29.970,Repousse,rotation,,Vertical,START,472.806,C:\Users\esthe\Downloads\repo_1905_bloc0\GOPR0701.MP4,14170,NA,
repo_1905_bloc0,2025-07-02 14:00:59.674,,840.006,Media file(s),player #1:C:\Users\esthe\Downloads\repo_1905_bloc0\GOPR0701.MP4,0.0,1062.061,29.970,Repousse,licking,,,POINT,472.939,C:\Users\esthe\Downloads\repo_1905_bloc0\GOPR0701.MP4,14174,NA,
repo_1905_bloc0,2025-07-02 14:00:59.674,,840.006,Media file(s),player #1:C:\Users\esthe\Downloads\repo_1905_bloc0\GOPR0701.MP4,0.0,1062.061,29.970,Repousse,rotation,,Vertical,STOP,472.939,C:\Users\esthe\Downloads\repo_1905_bloc0\GOPR0701.MP4,14174,NA,
repo_1905_bloc0,2025-07-02 14:00:59.674,,840.006,Media file(s),player #1:C:\Users\esthe\Downloads\repo_1905_bloc0\GOPR0701.MP4,0.0,1062.061,29.970,Repousse,sniffing,,,POINT,472.973,C:\Users\esthe\Downloads\repo_1905_bloc0\GOPR0701.MP4,14175,NA,
repo_1905_bloc0,2025-07-02 14:00:59.674,,840.006,Media file(s),player #1:C:\Users\esthe\Downloads\repo_1905_bloc0\GOPR0701.MP4,0.0,1062.061,29.970,Repousse,teeth-hole contact,,,POINT,473.139,C:\Users\esthe\Downloads\repo_1905_bloc0\GOPR0701.MP4,14180,NA,
repo_1905_bloc0,2025-07-02 14:00:59.674,,840.006,Media file(s),player #1:C:\Users\esthe\Downloads\repo_1905_bloc0\GOPR0701.MP4,0.0,1062.061,29.970,Repousse,translational movement,,,POINT,473.273,C:\Users\esthe\Downloads\repo_1905_bloc0\GOPR0701.MP4,14184,NA,
repo_1905_bloc0,2025-07-02 14:00:59.674,,840.006,Media file(s),player #1:C:\Users\esthe\Downloads\repo_1905_bloc0\GOPR0701.MP4,0.0,1062.061,29.970,Repousse,teeth-hole contact,,,POINT,473.440,C:\Users\esthe\Downloads\repo_1905_bloc0\GOPR0701.MP4,14189,NA,
repo_1905_bloc0,2025-07-02 14:00:59.674,,840.006,Media file(s),player #1:C:\Users\esthe\Downloads\repo_1905_bloc0\GOPR0701.MP4,0.0,1062.061,29.970,Repousse,assessing,,,STOP,473.673,C:\Users\esthe\Downloads\repo_1905_bloc0\GOPR0701.MP4,14196,NA,
repo_1905_bloc0,2025-07-02 14:00:59.674,,840.006,Media file(s),player #1:C:\Users\esthe\Downloads\repo_1905_bloc0\GOPR0701.MP4,0.0,1062.061,29.970,Repousse,eating,,,START,473.740,C:\Users\esthe\Downloads\repo_1905_bloc0\GOPR0701.MP4,14198,NA,
repo_1905_bloc0,2025-07-02 14:00:59.674,,840.006,Media file(s),player #1:C:\Users\esthe\Downloads\repo_1905_bloc0\GOPR0701.MP4,0.0,1062.061,29.970,Repousse,jaw movement,,,POINT,473.740,C:\Users\esthe\Downloads\repo_1905_bloc0\GOPR0701.MP4,14198,NA,
repo_1905_bloc0,2025-07-02 14:00:59.674,,840.006,Media file(s),player #1:C:\Users\esthe\Downloads\repo_1905_bloc0\GOPR0701.MP4,0.0,1062.061,29.970,Repousse,eating,,,STOP,481.081,C:\Users\esthe\Downloads\repo_1905_bloc0\GOPR0701.MP4,14418,NA,
repo_1905_bloc0,2025-07-02 14:00:59.674,,840.006,Media file(s),player #1:C:\Users\esthe\Downloads\repo_1905_bloc0\GOPR0701.MP4,0.0,1062.061,29.970,Repousse,chewing,,,START,481.314,C:\Users\esthe\Downloads\repo_1905_bloc0\GOPR0701.MP4,14425,NA,
repo_1905_bloc0,2025-07-02 14:00:59.674,,840.006,Media file(s),player #1:C:\Users\esthe\Downloads\repo_1905_bloc0\GOPR0701.MP4,0.0,1062.061,29.970,Repousse,chewing,,,STOP,483.817,C:\Users\esthe\Downloads\repo_1905_bloc0\GOPR0701.MP4,14500,NA,
repo_1905_bloc0,2025-07-02 14:00:59.674,,840.006,Media file(s),player #1:C:\Users\esthe\Downloads\repo_1905_bloc0\GOPR0701.MP4,0.0,1062.061,29.970,Repousse,startpeanutcontrol,,,POINT,484.050,C:\Users\esthe\Downloads\repo_1905_bloc0\GOPR0701.MP4,14507,NA,
repo_1905_bloc0,2025-07-02 14:00:59.674,,840.006,Media file(s),player #1:C:\Users\esthe\Downloads\repo_1905_bloc0\GOPR0701.MP4,0.0,1062.061,29.970,Repousse,target,,,START,484.117,C:\Users\esthe\Downloads\repo_1905_bloc0\GOPR0701.MP4,14509,NA,
repo_1905_bloc0,2025-07-02 14:00:59.674,,840.006,Media file(s),player #1:C:\Users\esthe\Downloads\repo_1905_bloc0\GOPR0701.MP4,0.0,1062.061,29.970,Repousse,target,,,STOP,485.151,C:\Users\esthe\Downloads\repo_1905_bloc0\GOPR0701.MP4,14540,NA,
repo_1905_bloc0,2025-07-02 14:00:59.674,,840.006,Media file(s),player #1:C:\Users\esthe\Downloads\repo_1905_bloc0\GOPR0701.MP4,0.0,1062.061,29.970,Repousse,bending,,,START,485.518,C:\Users\esthe\Downloads\repo_1905_bloc0\GOPR0701.MP4,14551,NA,
repo_1905_bloc0,2025-07-02 14:00:59.674,,840.006,Media file(s),player #1:C:\Users\esthe\Downloads\repo_1905_bloc0\GOPR0701.MP4,0.0,1062.061,29.970,Repousse,bending,,,STOP,486.953,C:\Users\esthe\Downloads\repo_1905_bloc0\GOPR0701.MP4,14594,NA,
repo_1905_bloc0,2025-07-02 14:00:59.674,,840.006,Media file(s),player #1:C:\Users\esthe\Downloads\repo_1905_bloc0\GOPR0701.MP4,0.0,1062.061,29.970,Repousse,grabbing peanut,,,POINT,486.987,C:\Users\esthe\Downloads\repo_1905_bloc0\GOPR0701.MP4,14595,NA,
repo_1905_bloc0,2025-07-02 14:00:59.674,,840.006,Media file(s),player #1:C:\Users\esthe\Downloads\repo_1905_bloc0\GOPR0701.MP4,0.0,1062.061,29.970,Repousse,lifting,,,START,487.020,C:\Users\esthe\Downloads\repo_1905_bloc0\GOPR0701.MP4,14596,NA,
repo_1905_bloc0,2025-07-02 14:00:59.674,,840.006,Media file(s),player #1:C:\Users\esthe\Downloads\repo_1905_bloc0\GOPR0701.MP4,0.0,1062.061,29.970,Repousse,lifting,,,STOP,487.354,C:\Users\esthe\Downloads\repo_1905_bloc0\GOPR0701.MP4,14606,NA,
repo_1905_bloc0,2025-07-02 14:00:59.674,,840.006,Media file(s),player #1:C:\Users\esthe\Downloads\repo_1905_bloc0\GOPR0701.MP4,0.0,1062.061,29.970,Repousse,assessing,,,START,487.620,C:\Users\esthe\Downloads\repo_1905_bloc0\GOPR0701.MP4,14614,NA,
repo_1905_bloc0,2025-07-02 14:00:59.674,,840.006,Media file(s),player #1:C:\Users\esthe\Downloads\repo_1905_bloc0\GOPR0701.MP4,0.0,1062.061,29.970,Repousse,jaw movement,,,POINT,487.754,C:\Users\esthe\Downloads\repo_1905_bloc0\GOPR0701.MP4,14618,NA,
repo_1905_bloc0,2025-07-02 14:00:59.674,,840.006,Media file(s),player #1:C:\Users\esthe\Downloads\repo_1905_bloc0\GOPR0701.MP4,0.0,1062.061,29.970,Repousse,chewing,,,START,487.821,C:\Users\esthe\Downloads\repo_1905_bloc0\GOPR0701.MP4,14620,NA,
repo_1905_bloc0,2025-07-02 14:00:59.674,,840.006,Media file(s),player #1:C:\Users\esthe\Downloads\repo_1905_bloc0\GOPR0701.MP4,0.0,1062.061,29.970,Repousse,chewing,,,STOP,488.188,C:\Users\esthe\Downloads\repo_1905_bloc0\GOPR0701.MP4,14631,NA,
repo_1905_bloc0,2025-07-02 14:00:59.674,,840.006,Media file(s),player #1:C:\Users\esthe\Downloads\repo_1905_bloc0\GOPR0701.MP4,0.0,1062.061,29.970,Repousse,mouth,,,POINT,488.355,C:\Users\esthe\Downloads\repo_1905_bloc0\GOPR0701.MP4,14636,NA,
repo_1905_bloc0,2025-07-02 14:00:59.674,,840.006,Media file(s),player #1:C:\Users\esthe\Downloads\repo_1905_bloc0\GOPR0701.MP4,0.0,1062.061,29.970,Repousse,assessing,,,STOP,488.455,C:\Users\esthe\Downloads\repo_1905_bloc0\GOPR0701.MP4,14639,NA,
repo_1905_bloc0,2025-07-02 14:00:59.674,,840.006,Media file(s),player #1:C:\Users\esthe\Downloads\repo_1905_bloc0\GOPR0701.MP4,0.0,1062.061,29.970,Repousse,target,,,START,488.588,C:\Users\esthe\Downloads\repo_1905_bloc0\GOPR0701.MP4,14643,NA,
repo_1905_bloc0,2025-07-02 14:00:59.674,,840.006,Media file(s),player #1:C:\Users\esthe\Downloads\repo_1905_bloc0\GOPR0701.MP4,0.0,1062.061,29.970,Repousse,target,,,STOP,491.224,C:\Users\esthe\Downloads\repo_1905_bloc0\GOPR0701.MP4,14722,NA,
repo_1905_bloc0,2025-07-02 14:00:59.674,,840.006,Media file(s),player #1:C:\Users\esthe\Downloads\repo_1905_bloc0\GOPR0701.MP4,0.0,1062.061,29.970,Repousse,startpeanut2,,,POINT,836.035,C:\Users\esthe\Downloads\repo_1905_bloc0\GOPR0701.MP4,25056,NA,
repo_1905_bloc0,2025-07-02 14:00:59.674,,840.006,Media file(s),player #1:C:\Users\esthe\Downloads\repo_1905_bloc0\GOPR0701.MP4,0.0,1062.061,29.970,Repousse,target,,,START,838.338,C:\Users\esthe\Downloads\repo_1905_bloc0\GOPR0701.MP4,25125,NA,
repo_1905_bloc0,2025-07-02 14:00:59.674,,840.006,Media file(s),player #1:C:\Users\esthe\Downloads\repo_1905_bloc0\GOPR0701.MP4,0.0,1062.061,29.970,Repousse,target,,,STOP,840.807,C:\Users\esthe\Downloads\repo_1905_bloc0\GOPR0701.MP4,25199,NA,
repo_1905_bloc0,2025-07-02 14:00:59.674,,840.006,Media file(s),player #1:C:\Users\esthe\Downloads\repo_1905_bloc0\GOPR0701.MP4,0.0,1062.061,29.970,Repousse,bending,,,START,841.240,C:\Users\esthe\Downloads\repo_1905_bloc0\GOPR0701.MP4,25212,NA,
repo_1905_bloc0,2025-07-02 14:00:59.674,,840.006,Media file(s),player #1:C:\Users\esthe\Downloads\repo_1905_bloc0\GOPR0701.MP4,0.0,1062.061,29.970,Repousse,bending,,,STOP,841.674,C:\Users\esthe\Downloads\repo_1905_bloc0\GOPR0701.MP4,25225,NA,
repo_1905_bloc0,2025-07-02 14:00:59.674,,840.006,Media file(s),player #1:C:\Users\esthe\Downloads\repo_1905_bloc0\GOPR0701.MP4,0.0,1062.061,29.970,Repousse,grabbing peanut,,,POINT,841.674,C:\Users\esthe\Downloads\repo_1905_bloc0\GOPR0701.MP4,25225,NA,
repo_1905_bloc0,2025-07-02 14:00:59.674,,840.006,Media file(s),player #1:C:\Users\esthe\Downloads\repo_1905_bloc0\GOPR0701.MP4,0.0,1062.061,29.970,Repousse,lifting,,,START,841.708,C:\Users\esthe\Downloads\repo_1905_bloc0\GOPR0701.MP4,25226,NA,
repo_1905_bloc0,2025-07-02 14:00:59.674,,840.006,Media file(s),player #1:C:\Users\esthe\Downloads\repo_1905_bloc0\GOPR0701.MP4,0.0,1062.061,29.970,Repousse,lifting,,,STOP,841.941,C:\Users\esthe\Downloads\repo_1905_bloc0\GOPR0701.MP4,25233,NA,
repo_1905_bloc0,2025-07-02 14:00:59.674,,840.006,Media file(s),player #1:C:\Users\esthe\Downloads\repo_1905_bloc0\GOPR0701.MP4,0.0,1062.061,29.970,Repousse,assessing,,,START,842.041,C:\Users\esthe\Downloads\repo_1905_bloc0\GOPR0701.MP4,25236,NA,
repo_1905_bloc0,2025-07-02 14:00:59.674,,840.006,Media file(s),player #1:C:\Users\esthe\Downloads\repo_1905_bloc0\GOPR0701.MP4,0.0,1062.061,29.970,Repousse,jaw movement,,,POINT,842.075,C:\Users\esthe\Downloads\repo_1905_bloc0\GOPR0701.MP4,25237,NA,
repo_1905_bloc0,2025-07-02 14:00:59.674,,840.006,Media file(s),player #1:C:\Users\esthe\Downloads\repo_1905_bloc0\GOPR0701.MP4,0.0,1062.061,29.970,Repousse,translational movement,,,POINT,842.175,C:\Users\esthe\Downloads\repo_1905_bloc0\GOPR0701.MP4,25240,NA,
repo_1905_bloc0,2025-07-02 14:00:59.674,,840.006,Media file(s),player #1:C:\Users\esthe\Downloads\repo_1905_bloc0\GOPR0701.MP4,0.0,1062.061,29.970,Repousse,jaw movement,,,POINT,842.241,C:\Users\esthe\Downloads\repo_1905_bloc0\GOPR0701.MP4,25242,NA,
repo_1905_bloc0,2025-07-02 14:00:59.674,,840.006,Media file(s),player #1:C:\Users\esthe\Downloads\repo_1905_bloc0\GOPR0701.MP4,0.0,1062.061,29.970,Repousse,rotation,,Horizontal,START,842.241,C:\Users\esthe\Downloads\repo_1905_bloc0\GOPR0701.MP4,25242,NA,
repo_1905_bloc0,2025-07-02 14:00:59.674,,840.006,Media file(s),player #1:C:\Users\esthe\Downloads\repo_1905_bloc0\GOPR0701.MP4,0.0,1062.061,29.970,Repousse,sniffing,,,POINT,842.442,C:\Users\esthe\Downloads\repo_1905_bloc0\GOPR0701.MP4,25248,NA,
repo_1905_bloc0,2025-07-02 14:00:59.674,,840.006,Media file(s),player #1:C:\Users\esthe\Downloads\repo_1905_bloc0\GOPR0701.MP4,0.0,1062.061,29.970,Repousse,jaw movement,,,POINT,842.809,C:\Users\esthe\Downloads\repo_1905_bloc0\GOPR0701.MP4,25259,NA,
repo_1905_bloc0,2025-07-02 14:00:59.674,,840.006,Media file(s),player #1:C:\Users\esthe\Downloads\repo_1905_bloc0\GOPR0701.MP4,0.0,1062.061,29.970,Repousse,rotation,,Horizontal,STOP,842.809,C:\Users\esthe\Downloads\repo_1905_bloc0\GOPR0701.MP4,25259,NA,
repo_1905_bloc0,2025-07-02 14:00:59.674,,840.006,Media file(s),player #1:C:\Users\esthe\Downloads\repo_1905_bloc0\GOPR0701.MP4,0.0,1062.061,29.970,Repousse,translational movement,,,POINT,842.875,C:\Users\esthe\Downloads\repo_1905_bloc0\GOPR0701.MP4,25261,NA,
repo_1905_bloc0,2025-07-02 14:00:59.674,,840.006,Media file(s),player #1:C:\Users\esthe\Downloads\repo_1905_bloc0\GOPR0701.MP4,0.0,1062.061,29.970,Repousse,jaw movement,,,POINT,842.942,C:\Users\esthe\Downloads\repo_1905_bloc0\GOPR0701.MP4,25263,NA,
repo_1905_bloc0,2025-07-02 14:00:59.674,,840.006,Media file(s),player #1:C:\Users\esthe\Downloads\repo_1905_bloc0\GOPR0701.MP4,0.0,1062.061,29.970,Repousse,jaw movement,,,POINT,843.109,C:\Users\esthe\Downloads\repo_1905_bloc0\GOPR0701.MP4,25268,NA,
repo_1905_bloc0,2025-07-02 14:00:59.674,,840.006,Media file(s),player #1:C:\Users\esthe\Downloads\repo_1905_bloc0\GOPR0701.MP4,0.0,1062.061,29.970,Repousse,jaw movement,,,POINT,843.309,C:\Users\esthe\Downloads\repo_1905_bloc0\GOPR0701.MP4,25274,NA,
repo_1905_bloc0,2025-07-02 14:00:59.674,,840.006,Media file(s),player #1:C:\Users\esthe\Downloads\repo_1905_bloc0\GOPR0701.MP4,0.0,1062.061,29.970,Repousse,jaw movement,,,POINT,843.609,C:\Users\esthe\Downloads\repo_1905_bloc0\GOPR0701.MP4,25283,NA,
repo_1905_bloc0,2025-07-02 14:00:59.674,,840.006,Media file(s),player #1:C:\Users\esthe\Downloads\repo_1905_bloc0\GOPR0701.MP4,0.0,1062.061,29.970,Repousse,translational movement,,,POINT,843.976,C:\Users\esthe\Downloads\repo_1905_bloc0\GOPR0701.MP4,25294,NA,
repo_1905_bloc0,2025-07-02 14:00:59.674,,840.006,Media file(s),player #1:C:\Users\esthe\Downloads\repo_1905_bloc0\GOPR0701.MP4,0.0,1062.061,29.970,Repousse,teeth-hole contact,,,POINT,844.143,C:\Users\esthe\Downloads\repo_1905_bloc0\GOPR0701.MP4,25299,NA,
repo_1905_bloc0,2025-07-02 14:00:59.674,,840.006,Media file(s),player #1:C:\Users\esthe\Downloads\repo_1905_bloc0\GOPR0701.MP4,0.0,1062.061,29.970,Repousse,teeth-hole contact,,,POINT,844.377,C:\Users\esthe\Downloads\repo_1905_bloc0\GOPR0701.MP4,25306,NA,
repo_1905_bloc0,2025-07-02 14:00:59.674,,840.006,Media file(s),player #1:C:\Users\esthe\Downloads\repo_1905_bloc0\GOPR0701.MP4,0.0,1062.061,29.970,Repousse,sniffing,,,POINT,844.844,C:\Users\esthe\Downloads\repo_1905_bloc0\GOPR0701.MP4,25320,NA,
repo_1905_bloc0,2025-07-02 14:00:59.674,,840.006,Media file(s),player #1:C:\Users\esthe\Downloads\repo_1905_bloc0\GOPR0701.MP4,0.0,1062.061,29.970,Repousse,assessing,,,STOP,844.944,C:\Users\esthe\Downloads\repo_1905_bloc0\GOPR0701.MP4,25323,NA,
repo_1905_bloc0,2025-07-02 14:00:59.674,,840.006,Media file(s),player #1:C:\Users\esthe\Downloads\repo_1905_bloc0\GOPR0701.MP4,0.0,1062.061,29.970,Repousse,peeling,,,START,845.111,C:\Users\esthe\Downloads\repo_1905_bloc0\GOPR0701.MP4,25328,NA,
repo_1905_bloc0,2025-07-02 14:00:59.674,,840.006,Media file(s),player #1:C:\Users\esthe\Downloads\repo_1905_bloc0\GOPR0701.MP4,0.0,1062.061,29.970,Repousse,jaw movement,,,POINT,845.211,C:\Users\esthe\Downloads\repo_1905_bloc0\GOPR0701.MP4,25331,NA,
repo_1905_bloc0,2025-07-02 14:00:59.674,,840.006,Media file(s),player #1:C:\Users\esthe\Downloads\repo_1905_bloc0\GOPR0701.MP4,0.0,1062.061,29.970,Repousse,jaw movement,,,POINT,845.678,C:\Users\esthe\Downloads\repo_1905_bloc0\GOPR0701.MP4,25345,NA,
repo_1905_bloc0,2025-07-02 14:00:59.674,,840.006,Media file(s),player #1:C:\Users\esthe\Downloads\repo_1905_bloc0\GOPR0701.MP4,0.0,1062.061,29.970,Repousse,jaw movement,,,POINT,845.978,C:\Users\esthe\Downloads\repo_1905_bloc0\GOPR0701.MP4,25354,NA,
repo_1905_bloc0,2025-07-02 14:00:59.674,,840.006,Media file(s),player #1:C:\Users\esthe\Downloads\repo_1905_bloc0\GOPR0701.MP4,0.0,1062.061,29.970,Repousse,peeling,,,STOP,846.379,C:\Users\esthe\Downloads\repo_1905_bloc0\GOPR0701.MP4,25366,NA,
repo_1905_bloc0,2025-07-02 14:00:59.674,,840.006,Media file(s),player #1:C:\Users\esthe\Downloads\repo_1905_bloc0\GOPR0701.MP4,0.0,1062.061,29.970,Repousse,peeling,,,START,846.779,C:\Users\esthe\Downloads\repo_1905_bloc0\GOPR0701.MP4,25378,NA,
repo_1905_bloc0,2025-07-02 14:00:59.674,,840.006,Media file(s),player #1:C:\Users\esthe\Downloads\repo_1905_bloc0\GOPR0701.MP4,0.0,1062.061,29.970,Repousse,jaw movement,,,POINT,847.213,C:\Users\esthe\Downloads\repo_1905_bloc0\GOPR0701.MP4,25392,NA,
repo_1905_bloc0,2025-07-02 14:00:59.674,,840.006,Media file(s),player #1:C:\Users\esthe\Downloads\repo_1905_bloc0\GOPR0701.MP4,0.0,1062.061,29.970,Repousse,jaw movement,,,POINT,847.547,C:\Users\esthe\Downloads\repo_1905_bloc0\GOPR0701.MP4,25401,NA,
repo_1905_bloc0,2025-07-02 14:00:59.674,,840.006,Media file(s),player #1:C:\Users\esthe\Downloads\repo_1905_bloc0\GOPR0701.MP4,0.0,1062.061,29.970,Repousse,peeling,,,STOP,848.047,C:\Users\esthe\Downloads\repo_1905_bloc0\GOPR0701.MP4,25416,NA,
repo_1905_bloc0,2025-07-02 14:00:59.674,,840.006,Media file(s),player #1:C:\Users\esthe\Downloads\repo_1905_bloc0\GOPR0701.MP4,0.0,1062.061,29.970,Repousse,eating,,,START,848.381,C:\Users\esthe\Downloads\repo_1905_bloc0\GOPR0701.MP4,25426,NA,
repo_1905_bloc0,2025-07-02 14:00:59.674,,840.006,Media file(s),player #1:C:\Users\esthe\Downloads\repo_1905_bloc0\GOPR0701.MP4,0.0,1062.061,29.970,Repousse,eating,,,STOP,856.789,C:\Users\esthe\Downloads\repo_1905_bloc0\GOPR0701.MP4,25678,NA,
repo_1905_bloc0,2025-07-02 14:00:59.674,,840.006,Media file(s),player #1:C:\Users\esthe\Downloads\repo_1905_bloc0\GOPR0701.MP4,0.0,1062.061,29.970,Repousse,chewing,,,START,856.889,C:\Users\esthe\Downloads\repo_1905_bloc0\GOPR0701.MP4,25681,NA,
repo_1905_bloc0,2025-07-02 14:00:59.674,,840.006,Media file(s),player #1:C:\Users\esthe\Downloads\repo_1905_bloc0\GOPR0701.MP4,0.0,1062.061,29.970,Repousse,chewing,,,STOP,858.491,C:\Users\esthe\Downloads\repo_1905_bloc0\GOPR0701.MP4,25729,NA,
repo_1905_bloc0,2025-07-02 14:00:59.674,,840.006,Media file(s),player #1:C:\Users\esthe\Downloads\repo_1905_bloc0\GOPR0701.MP4,0.0,1062.061,29.970,Repousse,startpeanut1.5,,,POINT,858.591,C:\Users\esthe\Downloads\repo_1905_bloc0\GOPR0701.MP4,25732,NA,
repo_1905_bloc0,2025-07-02 14:00:59.674,,840.006,Media file(s),player #1:C:\Users\esthe\Downloads\repo_1905_bloc0\GOPR0701.MP4,0.0,1062.061,29.970,Repousse,bending,,,START,859.992,C:\Users\esthe\Downloads\repo_1905_bloc0\GOPR0701.MP4,25774,NA,
repo_1905_bloc0,2025-07-02 14:00:59.674,,840.006,Media file(s),player #1:C:\Users\esthe\Downloads\repo_1905_bloc0\GOPR0701.MP4,0.0,1062.061,29.970,Repousse,bending,,,STOP,860.927,C:\Users\esthe\Downloads\repo_1905_bloc0\GOPR0701.MP4,25802,NA,
repo_1905_bloc0,2025-07-02 14:00:59.674,,840.006,Media file(s),player #1:C:\Users\esthe\Downloads\repo_1905_bloc0\GOPR0701.MP4,0.0,1062.061,29.970,Repousse,grabbing peanut,,,POINT,860.927,C:\Users\esthe\Downloads\repo_1905_bloc0\GOPR0701.MP4,25802,NA,
repo_1905_bloc0,2025-07-02 14:00:59.674,,840.006,Media file(s),player #1:C:\Users\esthe\Downloads\repo_1905_bloc0\GOPR0701.MP4,0.0,1062.061,29.970,Repousse,lifting,,,START,860.960,C:\Users\esthe\Downloads\repo_1905_bloc0\GOPR0701.MP4,25803,NA,
repo_1905_bloc0,2025-07-02 14:00:59.674,,840.006,Media file(s),player #1:C:\Users\esthe\Downloads\repo_1905_bloc0\GOPR0701.MP4,0.0,1062.061,29.970,Repousse,lifting,,,STOP,861.127,C:\Users\esthe\Downloads\repo_1905_bloc0\GOPR0701.MP4,25808,NA,
repo_1905_bloc0,2025-07-02 14:00:59.674,,840.006,Media file(s),player #1:C:\Users\esthe\Downloads\repo_1905_bloc0\GOPR0701.MP4,0.0,1062.061,29.970,Repousse,assessing,,,START,861.461,C:\Users\esthe\Downloads\repo_1905_bloc0\GOPR0701.MP4,25818,NA,
repo_1905_bloc0,2025-07-02 14:00:59.674,,840.006,Media file(s),player #1:C:\Users\esthe\Downloads\repo_1905_bloc0\GOPR0701.MP4,0.0,1062.061,29.970,Repousse,jaw movement,,,POINT,861.527,C:\Users\esthe\Downloads\repo_1905_bloc0\GOPR0701.MP4,25820,NA,
repo_1905_bloc0,2025-07-02 14:00:59.674,,840.006,Media file(s),player #1:C:\Users\esthe\Downloads\repo_1905_bloc0\GOPR0701.MP4,0.0,1062.061,29.970,Repousse,jaw movement,,,POINT,861.894,C:\Users\esthe\Downloads\repo_1905_bloc0\GOPR0701.MP4,25831,NA,
repo_1905_bloc0,2025-07-02 14:00:59.674,,840.006,Media file(s),player #1:C:\Users\esthe\Downloads\repo_1905_bloc0\GOPR0701.MP4,0.0,1062.061,29.970,Repousse,jaw movement,,,POINT,862.128,C:\Users\esthe\Downloads\repo_1905_bloc0\GOPR0701.MP4,25838,NA,
repo_1905_bloc0,2025-07-02 14:00:59.674,,840.006,Media file(s),player #1:C:\Users\esthe\Downloads\repo_1905_bloc0\GOPR0701.MP4,0.0,1062.061,29.970,Repousse,assessing,,,STOP,862.261,C:\Users\esthe\Downloads\repo_1905_bloc0\GOPR0701.MP4,25842,NA,
repo_1905_bloc0,2025-07-02 14:00:59.674,,840.006,Media file(s),player #1:C:\Users\esthe\Downloads\repo_1905_bloc0\GOPR0701.MP4,0.0,1062.061,29.970,Repousse,target,,,START,862.428,C:\Users\esthe\Downloads\repo_1905_bloc0\GOPR0701.MP4,25847,NA,
repo_1905_bloc0,2025-07-02 14:00:59.674,,840.006,Media file(s),player #1:C:\Users\esthe\Downloads\repo_1905_bloc0\GOPR0701.MP4,0.0,1062.061,29.970,Repousse,target,,,STOP,867.600,C:\Users\esthe\Downloads\repo_1905_bloc0\GOPR0701.MP4,26002,NA,
repo_1905_bloc0,2025-07-02 14:00:59.674,,840.006,Media file(s),player #1:C:\Users\esthe\Downloads\repo_1905_bloc0\GOPR0701.MP4,0.0,1062.061,29.970,Repousse,"startpeanut0,5",,,POINT,902.568,C:\Users\esthe\Downloads\repo_1905_bloc0\GOPR0701.MP4,27050,NA,
repo_1905_bloc0,2025-07-02 14:00:59.674,,840.006,Media file(s),player #1:C:\Users\esthe\Downloads\repo_1905_bloc0\GOPR0701.MP4,0.0,1062.061,29.970,Repousse,target,,,START,903.302,C:\Users\esthe\Downloads\repo_1905_bloc0\GOPR0701.MP4,27072,NA,
repo_1905_bloc0,2025-07-02 14:00:59.674,,840.006,Media file(s),player #1:C:\Users\esthe\Downloads\repo_1905_bloc0\GOPR0701.MP4,0.0,1062.061,29.970,Repousse,target,,,STOP,911.310,C:\Users\esthe\Downloads\repo_1905_bloc0\GOPR0701.MP4,27312,NA,
repo_1905_bloc0,2025-07-02 14:00:59.674,,840.006,Media file(s),player #1:C:\Users\esthe\Downloads\repo_1905_bloc0\GOPR0701.MP4,0.0,1062.061,29.970,Repousse,bending,,,START,911.611,C:\Users\esthe\Downloads\repo_1905_bloc0\GOPR0701.MP4,27321,NA,
repo_1905_bloc0,2025-07-02 14:00:59.674,,840.006,Media file(s),player #1:C:\Users\esthe\Downloads\repo_1905_bloc0\GOPR0701.MP4,0.0,1062.061,29.970,Repousse,bending,,,STOP,912.478,C:\Users\esthe\Downloads\repo_1905_bloc0\GOPR0701.MP4,27347,NA,
repo_1905_bloc0,2025-07-02 14:00:59.674,,840.006,Media file(s),player #1:C:\Users\esthe\Downloads\repo_1905_bloc0\GOPR0701.MP4,0.0,1062.061,29.970,Repousse,grabbing peanut,,,POINT,912.512,C:\Users\esthe\Downloads\repo_1905_bloc0\GOPR0701.MP4,27348,NA,
repo_1905_bloc0,2025-07-02 14:00:59.674,,840.006,Media file(s),player #1:C:\Users\esthe\Downloads\repo_1905_bloc0\GOPR0701.MP4,0.0,1062.061,29.970,Repousse,lifting,,,START,912.545,C:\Users\esthe\Downloads\repo_1905_bloc0\GOPR0701.MP4,27349,NA,
repo_1905_bloc0,2025-07-02 14:00:59.674,,840.006,Media file(s),player #1:C:\Users\esthe\Downloads\repo_1905_bloc0\GOPR0701.MP4,0.0,1062.061,29.970,Repousse,lifting,,,STOP,912.812,C:\Users\esthe\Downloads\repo_1905_bloc0\GOPR0701.MP4,27357,NA,
repo_1905_bloc0,2025-07-02 14:00:59.674,,840.006,Media file(s),player #1:C:\Users\esthe\Downloads\repo_1905_bloc0\GOPR0701.MP4,0.0,1062.061,29.970,Repousse,assessing,,,START,912.912,C:\Users\esthe\Downloads\repo_1905_bloc0\GOPR0701.MP4,27360,NA,
repo_1905_bloc0,2025-07-02 14:00:59.674,,840.006,Media file(s),player #1:C:\Users\esthe\Downloads\repo_1905_bloc0\GOPR0701.MP4,0.0,1062.061,29.970,Repousse,jaw movement,,,POINT,913.012,C:\Users\esthe\Downloads\repo_1905_bloc0\GOPR0701.MP4,27363,NA,
repo_1905_bloc0,2025-07-02 14:00:59.674,,840.006,Media file(s),player #1:C:\Users\esthe\Downloads\repo_1905_bloc0\GOPR0701.MP4,0.0,1062.061,29.970,Repousse,rotation,,Horizontal,START,913.012,C:\Users\esthe\Downloads\repo_1905_bloc0\GOPR0701.MP4,27363,NA,
repo_1905_bloc0,2025-07-02 14:00:59.674,,840.006,Media file(s),player #1:C:\Users\esthe\Downloads\repo_1905_bloc0\GOPR0701.MP4,0.0,1062.061,29.970,Repousse,jaw movement,,,POINT,913.246,C:\Users\esthe\Downloads\repo_1905_bloc0\GOPR0701.MP4,27370,NA,
repo_1905_bloc0,2025-07-02 14:00:59.674,,840.006,Media file(s),player #1:C:\Users\esthe\Downloads\repo_1905_bloc0\GOPR0701.MP4,0.0,1062.061,29.970,Repousse,rotation,,Horizontal,STOP,913.246,C:\Users\esthe\Downloads\repo_1905_bloc0\GOPR0701.MP4,27370,NA,
repo_1905_bloc0,2025-07-02 14:00:59.674,,840.006,Media file(s),player #1:C:\Users\esthe\Downloads\repo_1905_bloc0\GOPR0701.MP4,0.0,1062.061,29.970,Repousse,jaw movement,,,POINT,913.379,C:\Users\esthe\Downloads\repo_1905_bloc0\GOPR0701.MP4,27374,NA,
repo_1905_bloc0,2025-07-02 14:00:59.674,,840.006,Media file(s),player #1:C:\Users\esthe\Downloads\repo_1905_bloc0\GOPR0701.MP4,0.0,1062.061,29.970,Repousse,jaw movement,,,POINT,913.613,C:\Users\esthe\Downloads\repo_1905_bloc0\GOPR0701.MP4,27381,NA,
repo_1905_bloc0,2025-07-02 14:00:59.674,,840.006,Media file(s),player #1:C:\Users\esthe\Downloads\repo_1905_bloc0\GOPR0701.MP4,0.0,1062.061,29.970,Repousse,assessing,,,STOP,913.646,C:\Users\esthe\Downloads\repo_1905_bloc0\GOPR0701.MP4,27382,NA,
repo_1905_bloc0,2025-07-02 14:00:59.674,,840.006,Media file(s),player #1:C:\Users\esthe\Downloads\repo_1905_bloc0\GOPR0701.MP4,0.0,1062.061,29.970,Repousse,target,,,START,914.547,C:\Users\esthe\Downloads\repo_1905_bloc0\GOPR0701.MP4,27409,NA,
repo_1905_bloc0,2025-07-02 14:00:59.674,,840.006,Media file(s),player #1:C:\Users\esthe\Downloads\repo_1905_bloc0\GOPR0701.MP4,0.0,1062.061,29.970,Repousse,target,,,STOP,919.752,C:\Users\esthe\Downloads\repo_1905_bloc0\GOPR0701.MP4,27565,NA,
