Day,Condition,Number,Seed,Area_cm2,Area_px,Scale_px_mm,Filename,Modified_by_App,Resistance,Resistance normalized
Day 7,crushed,8,1,NA,563129,29,IMG_0523.JPG,not the right picture,,#VALUE!
Day 7,crushed,8,2,NA,985,29,IMG_0523.JPG,not the right picture,10,#VALUE!
Day 7,crushed,8,3,NA,418.5,29,IMG_0523.JPG,not the right picture,14.5,#VALUE!
Day 7,crushed,8,4,NA,329.5,29,IMG_0523.JPG,not the right picture,NA,#VALUE!
Day 1,control,2,0,1.464511207,216662,38.46316555,IMG_9536.JPG,TRUE,16.4,11.19827552
Day 1,control,2,1,1.260521807,186483.5,38.46316555,IMG_9536.JPG,TRUE,18.5,14.67646168
Day 1,control,2,2,1.222594656,180872.5,38.46316555,IMG_9536.JPG,TRUE,15.1,12.35078194
Day 1,control,2,3,1.264638299,187092.5,38.46316555,IMG_9536.JPG,TRUE,15.2,12.01924694
Day 1,control,1,0,0.677570614,129980.5,43.79876053,IMG_9532.JPG,TRUE,13.9,20.51446701
Day 1,control,1,1,0.720639292,138242.5,43.79876053,IMG_9532.JPG,TRUE,11.3,15.68052161
Day 1,control,1,2,0.757009442,145219.5,43.79876053,IMG_9532.JPG,TRUE,8.3,10.96419614
Day 1,control,1,3,0.814773183,156300.5,43.79876053,IMG_9532.JPG,TRUE,3.7,4.541141115
Day 1,control,3,0,1.424315486,208296.5,38.24176147,IMG_9540.JPG,TRUE,9.9,6.95070727
Day 1,control,3,1,1.441988098,210881,38.24176147,IMG_9540.JPG,TRUE,11.8,8.183146597
Day 1,control,3,2,1.233735726,180425.5,38.24176147,IMG_9540.JPG,TRUE,9.8,7.943354313
Day 1,control,3,3,1.285796255,188039,38.24176147,IMG_9540.JPG,TRUE,8.8,6.844008113
Day 1,control,4,0,1.142402007,121721,32.64173819,IMG_9544.JPG,TRUE,11.8,10.32911351
Day 1,control,4,1,1.06282308,113242,32.64173819,IMG_9544.JPG,TRUE,11,10.34979406
Day 1,control,4,2,0.992845431,105786,32.64173819,IMG_9544.JPG,TRUE,12.9,12.99295902
Day 1,control,4,3,0.942004642,100369,32.64173819,IMG_9544.JPG,TRUE,14.3,15.18039229
Day 1,control,5,0,1.604418006,218953,36.94168377,IMG_9548.JPG,TRUE,18.1,11.28134933
Day 1,control,5,1,1.735971885,236906,36.94168377,IMG_9548.JPG,TRUE,19,10.94487772
Day 1,control,5,2,1.751583512,239036.5,36.94168377,IMG_9548.JPG,TRUE,22,12.56006342
Day 1,control,5,3,1.581211237,215786,36.94168377,IMG_9548.JPG,TRUE,13.7,8.664244019
Day 1,control,6,0,1.189892845,159947.5,36.66357429,IMG_9552.JPG,TRUE,17.8,14.95933022
Day 1,control,6,1,1.185511115,159358.5,36.66357429,IMG_9552.JPG,TRUE,14.3,12.06230783
Day 1,control,6,2,1.331759749,179017.5,36.66357429,IMG_9552.JPG,TRUE,18.1,13.59103999
Day 1,control,6,3,1.31838022,177219,36.66357429,IMG_9552.JPG,TRUE,15.4,11.6810005
Day 1,control,7,0,0.599665271,82598,37.11336363,IMG_9556.JPG,TRUE,3,5.002790964
Day 1,control,7,1,0.761204923,104848.5,37.11336363,IMG_9556.JPG,TRUE,4.3,5.648938772
Day 1,control,7,2,1.428842374,196809,37.11336363,IMG_9556.JPG,TRUE,13.8,9.658168218
Day 1,control,7,3,1.400012731,192838,37.11336363,IMG_9556.JPG,TRUE,17,12.14274672
Day 1,control,8,0,1.831144839,270024.5,38.40079687,IMG_9560.JPG,TRUE,NA,#VALUE!
Day 1,control,8,1,1.879052058,277089,38.40079687,IMG_9560.JPG,TRUE,NA,#VALUE!
Day 1,control,9,0,1.068174748,167991,39.65718235,IMG_9564.JPG,TRUE,12.2,11.4213522
Day 1,control,9,1,1.135800826,178626.5,39.65718235,IMG_9564.JPG,TRUE,16.1,14.17502051
Day 1,control,9,2,0.875555991,137698,39.65718235,IMG_9564.JPG,TRUE,6.4,7.309641038
Day 1,control,9,3,1.230765377,193561.5,39.65718235,IMG_9564.JPG,TRUE,10.3,8.368776205
Day 1,control,10,0,1.34199962,184421.5,37.07059687,IMG_9568.JPG,TRUE,14,10.43219371
Day 1,control,10,1,1.469743963,201976.5,37.07059687,IMG_9568.JPG,TRUE,12.7,8.64096082
Day 1,control,10,2,1.141818304,156912,37.07059687,IMG_9568.JPG,TRUE,18.9,16.552546
Day 1,control,10,3,1.23949852,170335.5,37.07059687,IMG_9568.JPG,TRUE,11.8,9.519979096
Day 1,crushed,1,0,1.236295555,147870,34.58429146,IMG_9607.JPG,TRUE,7.6,6.147397336
Day 1,crushed,1,1,1.253121448,149882.5,34.58429146,IMG_9607.JPG,TRUE,9.3,7.421467422
Day 1,crushed,1,2,1.011923839,121033.5,34.58429146,IMG_9607.JPG,TRUE,9.2,9.091593309
Day 1,crushed,1,3,1.083257264,129565.5,34.58429146,IMG_9607.JPG,TRUE,7.4,6.831248904
Day 1,crushed,2,0,1.222047351,116614.5,30.89102083,IMG_9611.JPG,TRUE,14.8,12.11082368
Day 1,crushed,2,1,1.140187695,108803,30.89102083,IMG_9611.JPG,TRUE,27.2,23.85572141
Day 1,crushed,2,2,1.247569874,119050,30.89102083,IMG_9611.JPG,TRUE,25.2,20.19926941
Day 1,crushed,2,3,1.233034978,117663,30.89102083,IMG_9611.JPG,TRUE,14.8,12.00290362
Day 1,crushed,3,0,1.51344046,201926.5,36.52699867,IMG_9619.JPG,TRUE,4.3,2.841208567
Day 1,crushed,3,1,1.445044777,192801,36.52699867,IMG_9619.JPG,TRUE,8.3,5.743766653
Day 1,crushed,3,2,1.642852992,219193,36.52699867,IMG_9619.JPG,TRUE,7,4.260880331
Day 1,crushed,3,3,1.637126807,218429,36.52699867,IMG_9619.JPG,TRUE,8.1,4.947692486
Day 1,crushed,4,0,1.372632628,164004,34.56607447,IMG_9623.JPG,TRUE,15.3,11.14646387
Day 1,crushed,4,1,1.395661327,166755.5,34.56607447,IMG_9623.JPG,TRUE,22.6,16.19304022
Day 1,crushed,4,2,1.398046636,167040.5,34.56607447,IMG_9623.JPG,TRUE,20.7,14.80637302
Day 1,crushed,4,3,1.239858769,148140,34.56607447,IMG_9623.JPG,TRUE,17.8,14.35647386
Day 1,crushed,5,0,1.406612801,168169,34.57687088,IMG_9627.JPG,TRUE,21.2,15.07166719
Day 1,crushed,5,1,1.470863027,175850.5,34.57687088,IMG_9627.JPG,TRUE,18.2,12.37368787
Day 1,crushed,5,2,1.429238181,170874,34.57687088,IMG_9627.JPG,TRUE,26.7,18.68128094
Day 1,crushed,5,3,1.318938405,157687,34.57687088,IMG_9627.JPG,TRUE,20.8,15.7702588
Day 1,crushed,6,0,1.200668825,154924.5,35.92100132,IMG_9631.JPG,TRUE,16.5,13.74234065
Day 1,crushed,6,1,1.217017504,157034,35.92100132,IMG_9631.JPG,TRUE,17,13.96857477
Day 1,crushed,6,2,1.261010523,162710.5,35.92100132,IMG_9631.JPG,TRUE,15.8,12.52963374
Day 1,crushed,6,3,1.148763029,148227,35.92100132,IMG_9631.JPG,TRUE,16.1,14.01507499
Day 1,crushed,7,0,1.510154909,168184.5,33.372,IMG_9635.JPG,TRUE,17.5,11.58821516
Day 1,crushed,7,1,1.530420864,170441.5,33.372,IMG_9635.JPG,TRUE,12.6,8.233029421
Day 1,crushed,7,2,1.709739105,190412,33.372,IMG_9635.JPG,TRUE,17.6,10.29396822
Day 1,crushed,7,3,1.661565931,185047,33.372,IMG_9635.JPG,TRUE,12.6,7.583207963
Day 1,crushed,8,0,1.015950287,122123,34.67069148,IMG_9639.JPG,TRUE,13,12.79590169
Day 1,crushed,8,1,1.048024478,125978.5,34.67069148,IMG_9639.JPG,TRUE,20.4,19.46519422
Day 1,crushed,8,2,0.989645375,118961,34.67069148,IMG_9639.JPG,TRUE,21.5,21.72495375
Day 1,crushed,8,3,1.057138023,127074,34.67069148,IMG_9639.JPG,TRUE,24.3,22.9865916
Day 1,crushed,9,0,1.162692247,126998,33.0495882,IMG_9643.JPG,TRUE,6.6,5.676480612
Day 1,crushed,9,1,1.322555794,144459.5,33.0495882,IMG_9643.JPG,TRUE,15.5,11.71973241
Day 1,crushed,9,2,1.192629755,130268,33.0495882,IMG_9643.JPG,TRUE,13.4,11.23567473
Day 1,crushed,9,3,1.260762763,137710,33.0495882,IMG_9643.JPG,TRUE,9.4,7.455803959
Day 1,hole,1,0,1.591425802,173840.5,33.05082341,IMG_9572.JPG,TRUE,14.6,9.174163183
Day 1,hole,1,1,1.532722462,167428,33.05082341,IMG_9572.JPG,TRUE,16.2,10.56942819
Day 1,hole,1,2,NA,4293,33.05082341,IMG_9572.JPG,TRUE,11.9,
Day 1,hole,1,3,1.49950072,163799,33.05082341,IMG_9572.JPG,TRUE,15.8,10.53684056
Day 1,hole,1,4,1.63083142,178145,33.05082341,IMG_9572.JPG,TRUE,NA,#VALUE!
Day 1,hole,2,0,1.911571374,219944.5,33.9204257,IMG_9575.JPG,TRUE,25.7,13.44443653
Day 1,hole,2,1,1.916434074,220504,33.9204257,IMG_9575.JPG,TRUE,21.3,11.11439224
Day 1,hole,2,2,1.865304019,214621,33.9204257,IMG_9575.JPG,TRUE,24,12.8665353
Day 1,hole,2,3,1.800520162,207167,33.9204257,IMG_9575.JPG,TRUE,21,11.66329622
Day 1,hole,3,0,1.681205407,174237,32.19287797,IMG_9578.JPG,TRUE,16.6,9.873867839
Day 1,hole,3,1,1.627581326,168679.5,32.19287797,IMG_9578.JPG,TRUE,3.9,2.396193627
Day 1,hole,3,2,1.693266604,175487,32.19287797,IMG_9578.JPG,TRUE,17.9,10.57128273
Day 1,hole,3,3,1.700754195,176263,32.19287797,IMG_9578.JPG,TRUE,18.1,10.64233741
Day 1,hole,4,0,1.616851605,169732.5,32.40018,IMG_9582.JPG,TRUE,13.9,8.596954696
Day 1,hole,4,1,1.572489577,165075.5,32.40018,IMG_9582.JPG,TRUE,20.8,13.22743267
Day 1,hole,4,2,1.520959324,159666,32.40018,IMG_9582.JPG,TRUE,15.4,10.1251886
Day 1,hole,4,3,1.567007433,164500,32.40018,IMG_9582.JPG,TRUE,19.7,12.57173361
Day 1,hole,5,0,1.694899215,194012,33.83314399,IMG_9587.JPG,TRUE,13.7,8.083076489
Day 1,hole,5,1,1.538707315,176133,33.83314399,IMG_9587.JPG,TRUE,19.1,12.41301696
Day 1,hole,5,2,1.473580036,168678,33.83314399,IMG_9587.JPG,TRUE,12.6,8.550604443
Day 1,hole,5,3,1.549312884,177347,33.83314399,IMG_9587.JPG,TRUE,24.5,15.81346174
Day 1,hole,6,0,1.976935027,175767,29.81758542,IMG_9591.JPG,TRUE,17.2,8.700336514
Day 1,hole,6,1,1.949333722,173313,29.81758542,IMG_9591.JPG,TRUE,NA,#VALUE!
Day 1,hole,6,2,1.870235851,166280.5,29.81758542,IMG_9591.JPG,TRUE,15,8.020378818
Day 1,hole,6,3,1.976158951,175698,29.81758542,IMG_9591.JPG,TRUE,17.8,9.007372606
Day 1,hole,7,0,1.288970408,149254,34.02839896,IMG_9595.JPG,TRUE,12,9.309756008
Day 1,hole,7,1,1.324283364,153343,34.02839896,IMG_9595.JPG,TRUE,10.3,7.777791579
Day 1,hole,7,2,1.367545838,158352.5,34.02839896,IMG_9595.JPG,TRUE,19.5,14.25911984
Day 1,hole,7,3,1.290546494,149436.5,34.02839896,IMG_9595.JPG,TRUE,18.4,14.25752585
Day 1,hole,8,0,1.382091975,196366.5,37.69339252,IMG_9599.JPG,TRUE,10.9,7.886595247
Day 1,hole,8,1,1.283576488,182369.5,37.69339252,IMG_9599.JPG,TRUE,17.2,13.40005848
Day 1,hole,8,2,1.445693832,205403,37.69339252,IMG_9599.JPG,TRUE,13.8,9.545589593
Day 1,hole,8,3,1.536403813,218291,37.69339252,IMG_9599.JPG,TRUE,10.6,6.899227867
Day 1,hole,9,0,1.701365795,218808,35.86185494,IMG_9603.JPG,TRUE,18.3,10.75606436
Day 1,hole,9,1,1.772353232,227937.5,35.86185494,IMG_9603.JPG,TRUE,18.5,10.43809985
Day 1,hole,9,2,1.036597746,133314,35.86185494,IMG_9603.JPG,TRUE,14.4,13.89159879
Day 1,hole,9,3,1.104097821,141995,35.86185494,IMG_9603.JPG,TRUE,13.2,11.95546241
Day 3,control,1,0,1.49541286,143700,30.99901031,IMG_9809.JPG,TRUE,17.3,11.56871153
Day 3,control,1,1,1.55924628,149834,30.99901031,IMG_9809.JPG,TRUE,NA,#VALUE!
Day 3,control,1,2,1.469688013,141228,30.99901031,IMG_9809.JPG,TRUE,8.4,5.715498751
Day 3,control,1,3,1.317467055,126600.5,30.99901031,IMG_9809.JPG,TRUE,18.1,13.73848396
Day 3,control,2,0,1.26832622,128862.5,31.87482367,IMG_9813.JPG,TRUE,13.2,10.40741711
Day 3,control,2,1,1.360998064,138278,31.87482367,IMG_9813.JPG,TRUE,12.6,9.25791177
Day 3,control,2,2,1.351288461,137291.5,31.87482367,IMG_9813.JPG,TRUE,18.3,13.54263026
Day 3,control,2,3,1.296923538,131768,31.87482367,IMG_9813.JPG,TRUE,10.8,8.327399177
Day 3,control,3,0,1.677093277,176056.5,32.40018,IMG_9817.JPG,TRUE,10,5.962697566
Day 3,control,3,1,1.647220114,172920.5,32.40018,IMG_9817.JPG,TRUE,4.7,2.853292016
Day 3,control,3,2,1.640099518,172173,32.40018,IMG_9817.JPG,TRUE,18.2,11.0968876
Day 3,control,3,3,1.677974421,176149,32.40018,IMG_9817.JPG,TRUE,16.5,9.833284581
Day 3,control,4,0,1.499257599,203407.5,36.83370044,IMG_9821.JPG,TRUE,7.8,5.202574933
Day 3,control,4,1,1.506274514,204359.5,36.83370044,IMG_9821.JPG,TRUE,7.5,4.979172077
Day 3,control,4,2,0.869080361,117910,36.83370044,IMG_9821.JPG,TRUE,8.4,9.665389275
Day 3,control,4,3,0.888266318,120513,36.83370044,IMG_9821.JPG,TRUE,10.2,11.48304264
Day 3,control,5,0,1.549841287,199263,35.8566506,IMG_9825.JPG,TRUE,6.5,4.193977832
Day 3,control,5,1,1.711302046,220022,35.8566506,IMG_9825.JPG,TRUE,7.3,4.265757771
Day 3,control,5,2,1.545466236,198700.5,35.8566506,IMG_9825.JPG,TRUE,14.7,9.511692755
Day 3,control,5,3,1.733776195,222911.5,35.8566506,IMG_9825.JPG,TRUE,11.1,6.402210407
Day 3,control,6,0,0.270208218,31293,34.03096966,IMG_9829.JPG,TRUE,NA,#VALUE!
Day 3,control,6,1,0.26754007,30984,34.03096966,IMG_9829.JPG,TRUE,NA,#VALUE!
Day 3,control,6,2,1.580065714,182988.5,34.03096966,IMG_9829.JPG,TRUE,10.2,6.455427712
Day 3,control,6,3,1.380537501,159881,34.03096966,IMG_9829.JPG,TRUE,14.1,10.21341325
Day 3,control,7,0,1.207489824,168970.5,37.40793242,IMG_9833.JPG,TRUE,9.5,7.867561128
Day 3,control,7,1,NA,3487.5,37.40793242,IMG_9833.JPG,TRUE,9.2,
Day 3,control,7,2,1.214167908,169905,37.40793242,IMG_9833.JPG,TRUE,15.9,13.09538812
Day 3,control,7,3,1.44572128,202307.5,37.40793242,IMG_9833.JPG,TRUE,10.5,7.262810713
Day 3,control,7,4,1.482509699,207455.5,37.40793242,IMG_9833.JPG,TRUE,NA,#VALUE!
Day 3,control,8,0,0.804666455,92547,33.91354774,IMG_9837.JPG,TRUE,10.2,12.67605967
Day 3,control,8,1,0.798110667,91793,33.91354774,IMG_9837.JPG,TRUE,10.6,13.28136615
Day 3,control,8,2,1.34473644,154662,33.91354774,IMG_9837.JPG,TRUE,3.9,2.900196563
Day 3,control,8,3,1.400508458,161076.5,33.91354774,IMG_9837.JPG,TRUE,4.4,3.141716121
Day 3,control,9,0,1.784740529,223198,35.36369257,IMG_9841.JPG,TRUE,29.1,16.30489112
Day 3,control,9,1,1.872762929,234206,35.36369257,IMG_9841.JPG,TRUE,12.2,6.514439073
Day 3,control,9,2,1.809464844,226290,35.36369257,IMG_9841.JPG,TRUE,15.6,8.621333568
Day 3,control,9,3,1.93192297,241604.5,35.36369257,IMG_9841.JPG,TRUE,18.9,9.782998749
Day 3,control,10,0,1.175945118,157716,36.62219327,IMG_9845.JPG,TRUE,13.1,11.13997567
Day 3,control,10,1,1.178905187,158113,36.62219327,IMG_9845.JPG,TRUE,9.6,8.143148498
Day 3,control,10,2,1.568146779,210317.5,36.62219327,IMG_9845.JPG,TRUE,9.1,5.803028214
Day 3,control,10,3,1.502093253,201458.5,36.62219327,IMG_9845.JPG,TRUE,8.9,5.925064892
Day 3,crushed,1,0,1.880675147,158732.5,29.052,IMG_9895.JPG,TRUE,NA,#VALUE!
Day 3,crushed,1,1,1.492129255,125938.5,29.052,IMG_9895.JPG,TRUE,NA,#VALUE!
Day 3,crushed,2,0,1.300785691,126844,31.22713128,IMG_9899.JPG,TRUE,12.1,9.302070344
Day 3,crushed,2,1,1.329550976,129649,31.22713128,IMG_9899.JPG,TRUE,21.7,16.32129974
Day 3,crushed,2,2,1.586064512,154662.5,31.22713128,IMG_9899.JPG,TRUE,19.7,12.42068015
Day 3,crushed,2,3,1.630396893,158985.5,31.22713128,IMG_9899.JPG,TRUE,16.6,10.18156994
Day 3,crushed,3,0,2.091729249,187400.5,29.93178645,IMG_9903.JPG,TRUE,NA,#VALUE!
Day 3,crushed,3,1,2.300181679,206076,29.93178645,IMG_9903.JPG,TRUE,NA,#VALUE!
Day 3,crushed,4,0,1.307619559,114508,29.59219708,IMG_9907.JPG,TRUE,NA,#VALUE!
Day 3,crushed,4,1,1.642912042,143869.5,29.59219708,IMG_9907.JPG,TRUE,NA,#VALUE!
Day 3,crushed,4,2,1.111644491,97346.5,29.59219708,IMG_9907.JPG,TRUE,18.5,16.64201113
Day 3,crushed,4,3,1.092511186,95671,29.59219708,IMG_9907.JPG,TRUE,14.8,13.54677206
Day 3,crushed,5,0,1.572758287,111014.5,26.568,IMG_9910.JPG,TRUE,7.3,4.641526967
Day 3,crushed,5,1,1.556543991,109870,26.568,IMG_9910.JPG,TRUE,7,4.497142412
Day 3,crushed,5,2,1.587598369,112062,26.568,IMG_9910.JPG,TRUE,18.8,11.84178591
Day 3,crushed,5,3,1.483257361,104697,26.568,IMG_9910.JPG,TRUE,22,14.83222034
Day 3,crushed,6,0,1.499286473,123821.5,28.73794565,IMG_9914.JPG,TRUE,8.4,5.602665101
Day 3,crushed,6,1,1.503536539,124172.5,28.73794565,IMG_9914.JPG,TRUE,5.9,3.924081554
Day 3,crushed,6,2,1.089094558,89945,28.73794565,IMG_9914.JPG,TRUE,14.1,12.94653425
Day 3,crushed,6,3,1.039867654,85879.5,28.73794565,IMG_9914.JPG,TRUE,12.4,11.9245944
Day 3,crushed,7,0,1.427890009,105767,27.21621428,IMG_9918.JPG,TRUE,16.5,11.55551191
Day 3,crushed,7,1,1.467986006,108737,27.21621428,IMG_9918.JPG,TRUE,15.9,10.83116592
Day 3,crushed,7,2,0.950065876,70373.5,27.21621428,IMG_9918.JPG,TRUE,17.1,17.99875191
Day 3,crushed,7,3,1.04792981,77622.5,27.21621428,IMG_9918.JPG,TRUE,12.4,11.83285358
Day 3,crushed,8,0,1.526553213,140597.5,30.34819217,IMG_9922.JPG,TRUE,NA,#VALUE!
Day 3,crushed,8,1,1.521211267,140105.5,30.34819217,IMG_9922.JPG,TRUE,NA,#VALUE!
Day 3,crushed,8,2,0.419977891,38680.5,30.34819217,IMG_9922.JPG,TRUE,14.8,35.23995028
Day 3,crushed,8,3,NA,2488.5,30.34819217,IMG_9922.JPG,TRUE,12.5,
Day 3,hole,1,0,1.991206946,159542.5,28.30609744,IMG_9849.JPG,TRUE,13.6,6.830028405
Day 3,hole,1,1,1.895779281,151896.5,28.30609744,IMG_9849.JPG,TRUE,11.3,5.960609506
Day 3,hole,1,2,1.831291346,146729.5,28.30609744,IMG_9849.JPG,TRUE,9.7,5.296808736
Day 3,hole,1,3,1.968292325,157706.5,28.30609744,IMG_9849.JPG,TRUE,18,9.144983077
Day 3,hole,1,4,NA,0,28.30609744,IMG_9849.JPG,TRUE,NA,#VALUE!
Day 3,hole,2,0,1.566527418,133511.5,29.19378043,IMG_9853.JPG,TRUE,12.2,7.78792625
Day 3,hole,2,1,1.581604679,134796.5,29.19378043,IMG_9853.JPG,TRUE,7.9,4.994927054
Day 3,hole,2,2,1.466202033,124961,29.19378043,IMG_9853.JPG,TRUE,13.6,9.275665765
Day 3,hole,2,3,1.421609713,121160.5,29.19378043,IMG_9853.JPG,TRUE,12.6,8.863192116
Day 3,hole,3,0,1.736938889,182501,32.41457672,IMG_9857.JPG,TRUE,4.4,2.533192174
Day 3,hole,3,1,1.879200542,197448.5,32.41457672,IMG_9857.JPG,TRUE,19.9,10.58960954
Day 3,hole,3,2,1.645462195,172889.5,32.41457672,IMG_9857.JPG,TRUE,21.4,13.0054644
Day 3,hole,3,3,1.739327762,182752,32.41457672,IMG_9857.JPG,TRUE,21.3,12.24611052
Day 3,hole,4,0,1.995572762,201212.5,31.75365302,IMG_9866.JPG,TRUE,9.7,4.860759871
Day 3,hole,4,1,1.941159095,195726,31.75365302,IMG_9866.JPG,TRUE,18,9.272810276
Day 3,hole,4,2,1.283479207,129412.5,31.75365302,IMG_9866.JPG,TRUE,NA,#VALUE!
Day 3,hole,4,3,1.457054491,146914,31.75365302,IMG_9866.JPG,TRUE,NA,#VALUE!
Day 3,hole,5,0,1.735932755,182249.5,32.40161996,IMG_9871.JPG,TRUE,13.2,7.603981182
Day 3,hole,5,1,1.839546079,193127.5,32.40161996,IMG_9871.JPG,TRUE,20,10.87224736
Day 3,hole,5,2,2.092259529,219659,32.40161996,IMG_9871.JPG,TRUE,16.6,7.934006165
Day 3,hole,5,3,2.096183843,220071,32.40161996,IMG_9871.JPG,TRUE,12.6,6.010923155
Day 3,hole,6,0,1.567286308,141298,30.02574815,IMG_9875.JPG,TRUE,17.2,10.97438286
Day 3,hole,6,1,1.725253923,155539.5,30.02574815,IMG_9875.JPG,TRUE,15.7,9.100109725
Day 3,hole,6,2,1.615481322,145643,30.02574815,IMG_9875.JPG,TRUE,11.9,7.36622568
Day 3,hole,6,3,1.618564915,145921,30.02574815,IMG_9875.JPG,TRUE,11.7,7.228625735
Day 3,hole,7,0,1.664329046,174949.5,32.42177268,IMG_9879.JPG,TRUE,14.7,8.832388064
Day 3,hole,7,1,2.050117721,215502.5,32.42177268,IMG_9879.JPG,TRUE,6.8,3.316882699
Day 3,hole,7,2,1.89768301,199479,32.42177268,IMG_9879.JPG,TRUE,14.4,7.58820094
Day 3,hole,7,3,1.757824745,184777.5,32.42177268,IMG_9879.JPG,TRUE,7.6,4.323525437
Day 3,hole,8,0,1.954354715,206715,32.52252832,IMG_9883.JPG,TRUE,11.8,6.037798518
Day 3,hole,8,1,1.928109456,203939,32.52252832,IMG_9883.JPG,TRUE,3.9,2.022706744
Day 3,hole,8,2,1.703998959,180234.5,32.52252832,IMG_9883.JPG,TRUE,13.7,8.039911015
Day 3,hole,8,3,1.993074981,210810.5,32.52252832,IMG_9883.JPG,TRUE,8.9,4.465461705
Day 3,hole,9,0,1.376764605,139828.5,31.86896823,IMG_9887.JPG,TRUE,11.3,8.207648539
Day 3,hole,9,1,1.556165368,158049,31.86896823,IMG_9887.JPG,TRUE,20,12.85210455
Day 3,hole,9,2,1.259876696,127957,31.86896823,IMG_9887.JPG,TRUE,10.2,8.096030375
Day 3,hole,9,3,1.155483481,117354.5,31.86896823,IMG_9887.JPG,TRUE,6.9,5.971526306
Day 3,hole,10,0,1.655338401,154642.5,30.56476324,IMG_9891.JPG,TRUE,14.5,8.759538228
Day 3,hole,10,1,1.664126624,155463.5,30.56476324,IMG_9891.JPG,TRUE,11.6,6.970623409
Day 3,hole,10,2,1.865046176,174233.5,30.56476324,IMG_9891.JPG,TRUE,17.6,9.436763673
Day 3,hole,10,3,1.740078924,162559,30.56476324,IMG_9891.JPG,TRUE,11.9,6.838770261
Day 4,control,1,0,1.500394665,188530.5,35.44769939,IMG_9926.JPG,TRUE,12.7,8.464439589
Day 4,control,1,1,1.519482805,190929,35.44769939,IMG_9926.JPG,TRUE,9.8,6.449562948
Day 4,control,1,2,1.147759481,144220.5,35.44769939,IMG_9926.JPG,TRUE,5.6,4.879071002
Day 4,control,1,3,1.177046266,147900.5,35.44769939,IMG_9926.JPG,TRUE,6.8,5.777173076
Day 4,control,2,0,1.415281587,203776.5,37.94509296,IMG_9930.JPG,TRUE,19.6,13.84883417
Day 4,control,2,1,1.433686536,206426.5,37.94509296,IMG_9930.JPG,TRUE,13.1,9.137283269
Day 4,control,2,2,1.123934708,161827.5,37.94509296,IMG_9930.JPG,TRUE,8.8,7.829636313
Day 4,control,2,3,1.234006724,177676,37.94509296,IMG_9930.JPG,TRUE,7.6,6.158799505
Day 4,control,3,0,1.353428701,165922,35.01340086,IMG_9935.JPG,TRUE,14.4,10.63964432
Day 4,control,3,1,1.431250729,175462.5,35.01340086,IMG_9935.JPG,TRUE,13.7,9.572047525
Day 4,control,3,2,1.553760979,190481.5,35.01340086,IMG_9935.JPG,TRUE,15.3,9.847074426
Day 4,control,3,3,1.606895793,196995.5,35.01340086,IMG_9935.JPG,TRUE,15.1,9.397000147
Day 4,control,4,0,1.693827032,189055,33.40869827,IMG_9939.JPG,TRUE,21,12.39796013
Day 4,control,4,1,1.575544498,175853,33.40869827,IMG_9939.JPG,TRUE,19.3,12.24973337
Day 4,control,4,2,1.447012364,161507,33.40869827,IMG_9939.JPG,TRUE,14.4,9.951539022
Day 4,control,4,3,1.325128134,147903,33.40869827,IMG_9939.JPG,TRUE,13.9,10.48955164
Day 4,control,5,0,1.377589542,167310,34.84985945,IMG_9944.JPG,TRUE,14,10.16267877
Day 4,control,5,1,1.332246254,161803,34.84985945,IMG_9944.JPG,TRUE,13.6,10.20832294
Day 4,control,5,2,1.359821099,165152,34.84985945,IMG_9944.JPG,TRUE,10.7,7.868682143
Day 4,control,5,3,1.435069386,174291,34.84985945,IMG_9944.JPG,TRUE,9.2,6.410839846
Day 4,control,6,0,1.232536105,142411,33.99162626,IMG_9949.JPG,TRUE,14.2,11.52096068
Day 4,control,6,1,1.219605861,140917,33.99162626,IMG_9949.JPG,TRUE,18.8,15.41481605
Day 4,control,6,2,1.213469621,140208,33.99162626,IMG_9949.JPG,TRUE,13,10.71308237
Day 4,control,6,3,1.247296835,144116.5,33.99162626,IMG_9949.JPG,TRUE,9.5,7.616470864
Day 4,control,7,0,1.264147434,139893.5,33.26594799,IMG_9953.JPG,TRUE,8.7,6.882108658
Day 4,control,7,1,1.189176122,131597,33.26594799,IMG_9953.JPG,TRUE,12.7,10.6796628
Day 4,control,7,2,1.202979374,133124.5,33.26594799,IMG_9953.JPG,TRUE,10.2,8.478948367
Day 4,control,7,3,1.372255586,151857,33.26594799,IMG_9953.JPG,TRUE,9.6,6.995781322
Day 4,control,8,0,1.430379398,156263.5,33.05241147,IMG_9957.JPG,TRUE,13.8,9.647789967
Day 4,control,8,1,1.458092034,159291,33.05241147,IMG_9957.JPG,TRUE,12.1,8.298515948
Day 4,control,8,2,1.916483305,209368.5,33.05241147,IMG_9957.JPG,TRUE,19.7,10.27924426
Day 4,control,8,3,1.773480606,193746,33.05241147,IMG_9957.JPG,TRUE,18.2,10.26230562
Day 4,control,9,0,1.093608944,108773,31.53766434,IMG_9962.JPG,TRUE,4.6,4.206256747
Day 4,control,9,1,0.965671186,96048,31.53766434,IMG_9962.JPG,TRUE,3.8,3.935086865
Day 4,control,9,2,1.28899931,128207,31.53766434,IMG_9962.JPG,TRUE,12.1,9.387126827
Day 4,control,9,3,1.280081369,127320,31.53766434,IMG_9962.JPG,TRUE,10.2,7.968243461
Day 4,control,10,0,1.011236619,114125.5,33.59425022,IMG_9967.JPG,TRUE,5.2,5.142218847
Day 4,control,10,1,1.058840956,119498,33.59425022,IMG_9967.JPG,TRUE,3.8,3.588829823
Day 4,control,10,2,1.2727437,143638.5,33.59425022,IMG_9967.JPG,TRUE,9,7.071337303
Day 4,control,10,3,1.173547692,132443.5,33.59425022,IMG_9967.JPG,TRUE,10.2,8.691593932
Day 4,crushed,1,0,1.400166301,155399.5,33.3146303,IMG_0024.JPG,TRUE,13.3,9.498871666
Day 4,crushed,1,1,1.250107455,138745,33.3146303,IMG_0024.JPG,TRUE,11.6,9.279202326
Day 4,crushed,1,2,1.165461994,129350.5,33.3146303,IMG_0024.JPG,TRUE,11.7,10.0389374
Day 4,crushed,1,3,1.38050174,153217,33.3146303,IMG_0024.JPG,TRUE,11.3,8.185429743
Day 4,crushed,2,0,0.993043447,120227.5,34.79507551,IMG_0028.JPG,TRUE,2.9,2.920315329
Day 4,crushed,2,1,1.223117475,148082.5,34.79507551,IMG_0028.JPG,TRUE,2.6,2.125715684
Day 4,crushed,2,2,1.276264534,154517,34.79507551,IMG_0028.JPG,TRUE,8.7,6.816768599
Day 4,crushed,2,3,1.081983929,130995.5,34.79507551,IMG_0028.JPG,TRUE,2.5,2.310570363
Day 4,crushed,3,0,1.599644914,153703,30.99769333,IMG_0034.JPG,TRUE,3.1,1.937930083
Day 4,crushed,3,1,1.393214611,133868,30.99769333,IMG_0034.JPG,TRUE,5,3.588822541
Day 4,crushed,3,2,1.339710291,128727,30.99769333,IMG_0034.JPG,TRUE,0.5,0.373215018
Day 4,crushed,3,3,0.918091878,88215.5,30.99769333,IMG_0034.JPG,TRUE,0.5,0.544607802
Day 4,crushed,4,0,1.544904483,178503,33.99162626,IMG_0039.JPG,TRUE,11.8,7.638012661
Day 4,crushed,4,1,1.579752961,182529.5,33.99162626,IMG_0039.JPG,TRUE,11,6.963114026
Day 4,crushed,4,2,1.324977827,153092,33.99162626,IMG_0039.JPG,TRUE,11.9,8.981282371
Day 4,crushed,4,3,1.443318984,166765.5,33.99162626,IMG_0039.JPG,TRUE,10.9,7.552038131
Day 4,crushed,5,0,1.543118309,149985.5,31.17633256,IMG_0044.JPG,TRUE,11.8,7.64685373
Day 4,crushed,5,1,1.571776787,152771,31.17633256,IMG_0044.JPG,TRUE,14.1,8.970739433
Day 4,crushed,5,2,1.788929955,173877.5,31.17633256,IMG_0044.JPG,TRUE,6.6,3.689356299
Day 4,crushed,5,3,1.777710401,172787,31.17633256,IMG_0044.JPG,TRUE,14.9,8.381567658
Day 4,crushed,7,0,1.519891715,155553.5,31.99142385,IMG_0055.JPG,TRUE,10.2,6.711004407
Day 4,crushed,7,1,1.618851001,165681.5,31.99142385,IMG_0055.JPG,TRUE,13.4,8.277475807
Day 4,crushed,7,2,1.236868939,126587.5,31.99142385,IMG_0055.JPG,TRUE,8.2,6.629643401
Day 4,crushed,7,3,1.182850731,121059,31.99142385,IMG_0055.JPG,TRUE,9,7.608736897
Day 4,crushed,8,0,1.714187097,131042.5,27.64884374,IMG_0058.JPG,TRUE,0,0
Day 4,crushed,8,1,1.821825371,139271,27.64884374,IMG_0058.JPG,TRUE,NA,#VALUE!
Day 4,crushed,8,2,1.048212476,80131.5,27.64884374,IMG_0058.JPG,TRUE,0,0
Day 4,crushed,9,0,1.607893961,154361,30.9841859,IMG_0064.JPG,TRUE,NA,#VALUE!
Day 4,crushed,9,1,1.422210286,136535,30.9841859,IMG_0064.JPG,TRUE,NA,#VALUE!
Day 4,crushed,10,0,1.447257135,183859,35.64261809,IMG_0069.JPG,TRUE,4,2.763848871
Day 4,crushed,10,1,0.68084664,86494.5,35.64261809,IMG_0069.JPG,TRUE,NA,#VALUE!
Day 4,crushed,10,2,0.860518931,109320,35.64261809,IMG_0069.JPG,TRUE,2.6,3.021432659
Day 4,hole,1,0,1.830208865,185404,31.8279907,IMG_9973.JPG,TRUE,12.7,6.939098724
Day 4,hole,1,1,1.940611316,196588,31.8279907,IMG_9973.JPG,TRUE,9.6,4.946894787
Day 4,hole,1,2,1.768255559,179128,31.8279907,IMG_9973.JPG,TRUE,9.2,5.202867852
Day 4,hole,1,3,1.812237865,183583.5,31.8279907,IMG_9973.JPG,TRUE,11.1,6.125023769
Day 4,hole,2,0,1.628288605,200209,35.06518273,IMG_9978.JPG,TRUE,14.1,8.659398561
Day 4,hole,2,1,1.582711586,194605,35.06518273,IMG_9978.JPG,TRUE,16,10.10923288
Day 4,hole,2,2,1.728242488,212499,35.06518273,IMG_9978.JPG,TRUE,16.2,9.373684605
Day 4,hole,2,3,1.720174607,211507,35.06518273,IMG_9978.JPG,TRUE,11.8,6.859768741
Day 4,hole,3,0,1.488783031,239031.5,40.06930995,IMG_9981.JPG,TRUE,0,0
Day 4,hole,3,1,1.529569688,245580,40.06930995,IMG_9981.JPG,TRUE,0,0
Day 4,hole,3,2,1.427641974,229215,40.06930995,IMG_9981.JPG,TRUE,7,4.903190105
Day 4,hole,3,3,1.338208424,214856,40.06930995,IMG_9981.JPG,TRUE,2.6,1.942896154
Day 4,hole,4,0,1.87050564,201943.5,32.85756899,IMG_9985.JPG,TRUE,16.6,8.874605691
Day 4,hole,4,1,1.920518615,207343,32.85756899,IMG_9985.JPG,TRUE,20.7,10.77833864
Day 4,hole,4,2,1.676729098,181023,32.85756899,IMG_9985.JPG,TRUE,14,8.349589699
Day 4,hole,4,3,1.616129063,174480.5,32.85756899,IMG_9985.JPG,TRUE,9.8,6.063872142
Day 4,hole,4,4,NA,0,32.85756899,IMG_9985.JPG,TRUE,,#VALUE!
Day 4,hole,5,0,1.655538356,238060,37.92045949,IMG_9990.JPG,TRUE,12,7.248397453
Day 4,hole,5,1,1.404822281,202008,37.92045949,IMG_9990.JPG,TRUE,14.3,10.17922352
Day 4,hole,5,2,0.993566414,142871,37.92045949,IMG_9990.JPG,TRUE,0,0
Day 4,hole,5,3,0.983107161,141367,37.92045949,IMG_9990.JPG,TRUE,0,0
Day 4,hole,6,0,1.821944926,209664,33.92300458,IMG_9995.JPG,TRUE,6.9,3.787161676
Day 4,hole,6,1,1.751031553,201503.5,33.92300458,IMG_9995.JPG,TRUE,8.9,5.082718234
Day 4,hole,6,2,1.415591005,162902,33.92300458,IMG_9995.JPG,TRUE,1.5,1.059628095
Day 4,hole,6,3,1.554059132,178836.5,33.92300458,IMG_9995.JPG,TRUE,3,1.930428475
Day 4,hole,7,0,1.642258606,188957.5,33.9204257,IMG_9999.JPG,TRUE,19.5,11.8738912
Day 4,hole,7,1,1.69620894,195165,33.9204257,IMG_9999.JPG,TRUE,14.6,8.607430168
Day 4,hole,7,2,1.616011322,185937.5,33.9204257,IMG_9999.JPG,TRUE,15,9.282113183
Day 4,hole,7,3,1.642445465,188979,33.9204257,IMG_9999.JPG,TRUE,10.5,6.392906324
Day 4,hole,8,0,1.73804108,199923,33.91574502,IMG_0005.JPG,TRUE,11,6.328964331
Day 4,hole,8,1,1.691417558,194560,33.91574502,IMG_0005.JPG,TRUE,10.3,6.089566678
Day 4,hole,8,2,1.602978049,184387,33.91574502,IMG_0005.JPG,TRUE,10.8,6.737459695
Day 4,hole,8,3,1.523179932,175208,33.91574502,IMG_0005.JPG,TRUE,12.2,8.009559308
Day 4,hole,9,0,3.382863744,409255.5,34.78203674,IMG_0014.JPG,TRUE,0,0
Day 4,hole,9,1,1.405826538,170075.5,34.78203674,IMG_0014.JPG,TRUE,0.5,0.355662656
Day 4,hole,10,0,1.660056555,165264.5,31.55210548,IMG_0019.JPG,TRUE,8.1,4.879351837
Day 4,hole,10,1,1.671914496,166445,31.55210548,IMG_0019.JPG,TRUE,4,2.392466845
Day 4,hole,10,2,1.596608281,158948,31.55210548,IMG_0019.JPG,TRUE,10.6,6.639073669
Day 4,hole,10,3,NA,0,31.55210548,IMG_0019.JPG,TRUE,12.4,#VALUE!
Day 4,hole,10,4,1.765512377,175763,31.55210548,IMG_0019.JPG,TRUE,NA,#VALUE!
Day 5,control,1,0,1.821719871,205654,33.5991107,IMG_0082.JPG,TRUE,8.7,4.775706812
Day 5,control,1,1,1.943187646,219366.5,33.5991107,IMG_0082.JPG,TRUE,5.1,2.624553532
Day 5,control,1,2,1.737119836,196103.5,33.5991107,IMG_0082.JPG,TRUE,12.4,7.138252492
Day 5,control,1,3,1.786433317,201670.5,33.5991107,IMG_0082.JPG,TRUE,7.1,3.974399679
Day 5,control,2,0,1.282474198,197595,39.25216876,IMG_0086.JPG,TRUE,15,11.69614174
Day 5,control,2,1,1.31378073,202418.5,39.25216876,IMG_0086.JPG,TRUE,22.3,16.97391314
Day 5,control,2,2,1.253621043,193149.5,39.25216876,IMG_0086.JPG,TRUE,16.1,12.84279654
Day 5,control,2,3,1.229038584,189362,39.25216876,IMG_0086.JPG,TRUE,15.7,12.77421247
Day 5,control,3,0,0.950220283,102499,32.84336645,IMG_0091.JPG,TRUE,4.1,4.314788974
Day 5,control,3,1,1.135802432,122517.5,32.84336645,IMG_0091.JPG,TRUE,NA,#VALUE!
Day 5,control,3,2,1.169602793,126163.5,32.84336645,IMG_0091.JPG,TRUE,4.9,4.189456481
Day 5,control,3,3,1.136775838,122622.5,32.84336645,IMG_0091.JPG,TRUE,4.4,3.87059599
Day 5,control,4,0,1.50035744,181023.5,34.73522454,IMG_0095.JPG,TRUE,16.7,11.13068097
Day 5,control,4,1,1.479313722,178484.5,34.73522454,IMG_0095.JPG,TRUE,8.9,6.016303283
Day 5,control,4,2,1.408068427,169888.5,34.73522454,IMG_0095.JPG,TRUE,14,9.942698614
Day 5,control,4,3,1.575469176,190086,34.73522454,IMG_0095.JPG,TRUE,16.2,10.28265119
Day 5,control,5,0,0.801341514,111284.5,37.26563436,IMG_0099.JPG,TRUE,5.7,7.113072146
Day 5,control,5,1,0.967018365,134292.5,37.26563436,IMG_0099.JPG,TRUE,4.6,4.756890012
Day 5,control,5,2,0.951388949,132122,37.26563436,IMG_0099.JPG,TRUE,0,0
Day 5,control,5,3,1.040848544,144545.5,37.26563436,IMG_0099.JPG,TRUE,3.5,3.362641012
Day 5,control,6,0,1.63354726,177247,32.94,IMG_0104.JPG,TRUE,20.8,12.73302616
Day 5,control,6,1,1.637072464,177629.5,32.94,IMG_0104.JPG,TRUE,17.9,10.93415251
Day 5,control,6,2,1.65068482,179106.5,32.94,IMG_0104.JPG,TRUE,10.2,6.179253528
Day 5,control,6,3,1.571337779,170497,32.94,IMG_0104.JPG,TRUE,18.4,11.70976747
Day 5,control,7,0,1.29111363,154264,34.56607447,IMG_0109.JPG,TRUE,12.9,9.991374658
Day 5,control,7,1,1.239812737,148134.5,34.56607447,IMG_0109.JPG,TRUE,12.2,9.840195733
Day 5,control,7,2,1.302366432,155608.5,34.56607447,IMG_0109.JPG,TRUE,5.9,4.530215042
Day 5,control,7,3,1.213444605,144984,34.56607447,IMG_0109.JPG,TRUE,9.9,8.158592458
Day 5,control,8,0,1.554255447,141205.5,30.14148238,IMG_0114.JPG,TRUE,3.8,2.444900551
Day 5,control,8,1,1.641766967,149156,30.14148238,IMG_0114.JPG,TRUE,3.7,2.253669415
Day 5,control,8,2,1.560755108,141796,30.14148238,IMG_0114.JPG,TRUE,10.8,6.919727473
Day 5,control,8,3,1.481443837,134590.5,30.14148238,IMG_0114.JPG,TRUE,8.2,5.535140647
Day 5,control,9,0,1.567862183,169008,32.83217763,IMG_0118.JPG,TRUE,11.2,7.14348501
Day 5,control,9,1,1.550843798,167173.5,32.83217763,IMG_0118.JPG,TRUE,17.3,11.15521758
Day 5,control,9,2,1.79076638,193036,32.83217763,IMG_0118.JPG,TRUE,20.8,11.61513877
Day 5,control,9,3,1.716032061,184980,32.83217763,IMG_0118.JPG,TRUE,22.2,12.93682123
Day 5,control,10,0,1.20610255,146805,34.88817932,IMG_0122.JPG,TRUE,23.1,19.15260025
Day 5,control,10,1,1.225450471,149160,34.88817932,IMG_0122.JPG,TRUE,21.9,17.8709793
Day 5,control,10,2,1.398595876,170235,34.88817932,IMG_0122.JPG,TRUE,10.6,7.579029925
Day 5,control,10,3,1.480900535,180253,34.88817932,IMG_0122.JPG,TRUE,8.1,5.469644862
Day 5,crushed,1,0,1.249663517,136812.5,33.08768206,IMG_0175.JPG,TRUE,5.2,4.161120118
Day 5,crushed,1,1,1.202549661,131654.5,33.08768206,IMG_0175.JPG,TRUE,4.1,3.409422607
Day 5,crushed,1,2,0.956695348,104738.5,33.08768206,IMG_0175.JPG,TRUE,2.5,2.613162075
Day 5,crushed,1,3,1.149393576,125835,33.08768206,IMG_0175.JPG,TRUE,8.9,7.743213625
Day 5,crushed,3,0,1.200831112,140839.5,34.24690047,IMG_0183.JPG,TRUE,4.1,3.414301944
Day 5,crushed,3,1,1.104369517,129526,34.24690047,IMG_0183.JPG,TRUE,2.1,1.901537454
Day 5,crushed,3,2,1.377396714,161548,34.24690047,IMG_0183.JPG,TRUE,5.7,4.138241324
Day 5,crushed,3,3,1.362744373,159829.5,34.24690047,IMG_0183.JPG,TRUE,5.5,4.035973369
Day 5,crushed,4,0,1.06916295,135957,35.6597945,IMG_0188.JPG,TRUE,0,0
Day 5,crushed,4,1,1.113409626,141583.5,35.6597945,IMG_0188.JPG,TRUE,2.7,2.424983525
Day 5,crushed,4,2,1.059922775,134782,35.6597945,IMG_0188.JPG,TRUE,6,5.660789767
Day 5,crushed,4,3,1.010371846,128481,35.6597945,IMG_0188.JPG,TRUE,7.9,7.81890354
Day 5,crushed,5,0,1.2098422,150916.5,35.3186421,IMG_0194.JPG,TRUE,7.3,6.033844744
Day 5,crushed,5,1,1.17643689,146749.5,35.3186421,IMG_0194.JPG,TRUE,9.2,7.820223998
Day 5,crushed,5,2,0.923399885,115185.5,35.3186421,IMG_0194.JPG,TRUE,8.1,8.771930918
Day 5,crushed,5,3,1.111850886,138693,35.3186421,IMG_0194.JPG,TRUE,3,2.698203543
Day 5,crushed,6,0,1.753903889,165168,30.68739754,IMG_0198.JPG,TRUE,0,0
Day 5,crushed,6,1,1.576658377,148476.5,30.68739754,IMG_0198.JPG,TRUE,4.3,2.727287067
Day 5,crushed,6,2,1.466715507,138123,30.68739754,IMG_0198.JPG,TRUE,0,0
Day 5,crushed,6,3,1.753967602,165174,30.68739754,IMG_0198.JPG,TRUE,5.5,3.135747771
Day 5,crushed,7,0,1.255621579,115679.5,30.35280389,IMG_0203.JPG,TRUE,2.9,2.309613062
Day 5,crushed,7,1,1.497797599,137991,30.35280389,IMG_0203.JPG,TRUE,0,0
Day 5,crushed,7,2,1.486368007,136938,30.35280389,IMG_0203.JPG,TRUE,10.6,7.131477502
Day 5,crushed,7,3,1.641356752,151217,30.35280389,IMG_0203.JPG,TRUE,10,6.092520708
Day 5,crushed,8,0,1.681398477,192143,33.80469009,IMG_0208.JPG,TRUE,4.6,2.735817871
Day 5,crushed,8,1,1.698392465,194085,33.80469009,IMG_0208.JPG,TRUE,7.1,4.180423635
Day 5,crushed,8,2,1.687677151,192860.5,33.80469009,IMG_0208.JPG,TRUE,5.2,3.081158026
Day 5,crushed,8,3,1.702251553,194526,33.80469009,IMG_0208.JPG,TRUE,5.5,3.231014824
Day 5,crushed,9,0,1.792779426,172651.5,31.03285614,IMG_0213.JPG,TRUE,17.1,9.538262069
Day 5,crushed,9,1,1.720258936,165667.5,31.03285614,IMG_0213.JPG,TRUE,19.2,11.16111046
Day 5,crushed,9,2,1.470845143,141648,31.03285614,IMG_0213.JPG,TRUE,11.6,7.88662223
Day 5,crushed,9,3,1.571131927,151306,31.03285614,IMG_0213.JPG,TRUE,10.5,6.683079772
Day 5,crushed,10,0,1.244008894,136932,33.17727656,IMG_0217.JPG,TRUE,3.4,2.73309943
Day 5,crushed,10,1,0.950140728,104585,33.17727656,IMG_0217.JPG,TRUE,3.9,4.104655115
Day 5,crushed,10,2,0.426261921,46920,33.17727656,IMG_0217.JPG,TRUE,0,0
Day 5,crushed,10,3,0.640514862,70503.5,33.17727656,IMG_0217.JPG,TRUE,0,0
Day 5,hole,1,0,1.721229701,201754,34.23668138,IMG_0127.JPG,TRUE,15.3,8.888993718
Day 5,hole,1,1,1.812655686,212470.5,34.23668138,IMG_0127.JPG,TRUE,13.2,7.282133118
Day 5,hole,1,2,1.54353492,180925.5,34.23668138,IMG_0127.JPG,TRUE,19.7,12.76291177
Day 5,hole,1,3,1.663626169,195002,34.23668138,IMG_0127.JPG,TRUE,12.2,7.33337827
Day 5,hole,2,0,1.352272647,150615.5,33.37357278,IMG_0132.JPG,TRUE,0,0
Day 5,hole,2,1,1.577201758,175668,33.37357278,IMG_0132.JPG,TRUE,0,0
Day 5,hole,2,2,1.922651213,214144,33.37357278,IMG_0132.JPG,TRUE,7.3,3.796840503
Day 5,hole,2,3,1.81912681,202613.5,33.37357278,IMG_0132.JPG,TRUE,6.7,3.683085733
Day 5,hole,3,0,2.060077263,173896,29.05380664,IMG_0137.JPG,TRUE,10,4.85418687
Day 5,hole,3,1,2.115537145,178577.5,29.05380664,IMG_0137.JPG,TRUE,21.3,10.06836493
Day 5,hole,3,2,1.700491331,143542.5,29.05380664,IMG_0137.JPG,TRUE,21.6,12.70221118
Day 5,hole,3,3,1.819306858,153572,29.05380664,IMG_0137.JPG,TRUE,20.6,11.32299365
Day 5,hole,4,0,1.64917544,154551.5,30.61280908,IMG_0142.JPG,TRUE,11.8,7.155090791
Day 5,hole,4,1,1.765150136,165420,30.61280908,IMG_0142.JPG,TRUE,3.9,2.209443787
Day 5,hole,4,2,1.512307478,141725,30.61280908,IMG_0142.JPG,TRUE,10.6,7.00915664
Day 5,hole,4,3,1.328114883,124463.5,30.61280908,IMG_0142.JPG,TRUE,10.7,8.05653196
Day 5,hole,5,0,1.728086177,162646,30.67884431,IMG_0146.JPG,TRUE,0,0
Day 5,hole,5,1,1.158834322,109068.5,30.67884431,IMG_0146.JPG,TRUE,0,0
Day 5,hole,5,2,1.165124222,109660.5,30.67884431,IMG_0146.JPG,TRUE,4.6,3.948076878
Day 5,hole,5,3,1.440031085,135534.5,30.67884431,IMG_0146.JPG,TRUE,8.5,5.902650357
Day 5,hole,6,0,1.979841693,224853,33.70032665,IMG_0151.JPG,TRUE,23.1,11.66759953
Day 5,hole,6,1,1.848126964,209894,33.70032665,IMG_0151.JPG,TRUE,20.7,11.20052919
Day 5,hole,7,0,0.42907549,49661.5,34.02068571,IMG_0156.JPG,TRUE,0,0
Day 5,hole,7,1,1.735029167,200813.5,34.02068571,IMG_0156.JPG,TRUE,NA,#VALUE!
Day 5,hole,7,2,1.609200489,186250,34.02068571,IMG_0156.JPG,TRUE,7.6,4.722842215
Day 5,hole,7,3,1.707705159,197651,34.02068571,IMG_0156.JPG,TRUE,12.3,7.202648501
Day 5,hole,8,0,1.274588515,171884,36.72254109,IMG_0161.JPG,TRUE,20.6,16.16207878
Day 5,hole,8,1,1.386279262,186946,36.72254109,IMG_0161.JPG,TRUE,19.9,14.35497201
Day 5,hole,8,2,1.464367125,197476.5,36.72254109,IMG_0161.JPG,TRUE,22.4,15.29671051
Day 5,hole,8,3,1.471786232,198477,36.72254109,IMG_0161.JPG,TRUE,13.8,9.37636166
Day 5,hole,9,0,1.80189705,203536,33.60900308,IMG_0165.JPG,TRUE,23.7,13.15280471
Day 5,hole,9,1,1.523010952,172034,33.60900308,IMG_0165.JPG,TRUE,22.1,14.51072953
Day 5,hole,9,2,1.766688809,199559,33.60900308,IMG_0165.JPG,TRUE,9.3,5.264084967
Day 5,hole,9,3,1.78899828,202079,33.60900308,IMG_0165.JPG,TRUE,15.3,8.552272055
Day 5,hole,10,0,1.467395995,160348.5,33.05664593,IMG_0170.JPG,TRUE,10.3,7.01923682
Day 5,hole,10,1,1.580226854,172678,33.05664593,IMG_0170.JPG,TRUE,12.8,8.100102823
Day 5,hole,10,2,1.922887843,210122,33.05664593,IMG_0170.JPG,TRUE,17.5,9.100894813
Day 5,hole,10,3,1.774609454,193919,33.05664593,IMG_0170.JPG,TRUE,13.2,7.438256327
Day 6,control,1,0,1.630269545,165512.5,31.86292868,IMG_0261.JPG,TRUE,7.3,4.477787137
Day 6,control,1,1,1.53703108,156046.5,31.86292868,IMG_0261.JPG,TRUE,15,9.759073967
Day 6,control,1,2,1.588841172,161306.5,31.86292868,IMG_0261.JPG,TRUE,17.4,10.95137784
Day 6,control,1,3,1.591362727,161562.5,31.86292868,IMG_0261.JPG,TRUE,12.8,8.043420761
Day 6,control,2,0,1.647403844,160813,31.2435619,IMG_0264.JPG,TRUE,15.4,9.348041802
Day 6,control,2,1,1.650620529,161127,31.2435619,IMG_0264.JPG,TRUE,15.3,9.269241312
Day 6,control,2,2,1.717274551,167633.5,31.2435619,IMG_0264.JPG,TRUE,17.8,10.36526163
Day 6,control,2,3,1.743694395,170212.5,31.2435619,IMG_0264.JPG,TRUE,20.7,11.87134629
Day 6,control,3,0,1.237618285,160399.5,36.000468,IMG_0268.JPG,TRUE,8.9,7.191231827
Day 6,control,3,1,1.234400776,159982.5,36.000468,IMG_0268.JPG,TRUE,4,3.240438663
Day 6,control,3,2,1.140020514,147750.5,36.000468,IMG_0268.JPG,TRUE,8.8,7.719159343
Day 6,control,3,3,1.216226094,157627,36.000468,IMG_0268.JPG,TRUE,12.2,10.03102964
Day 6,control,4,0,0.384232042,47967,35.3325099,IMG_0272.JPG,TRUE,0,0
Day 6,control,4,1,1.046723315,130671.5,35.3325099,IMG_0272.JPG,TRUE,2.7,2.579478227
Day 6,control,4,2,1.276203573,159319.5,35.3325099,IMG_0272.JPG,TRUE,3,2.350722145
Day 6,control,4,3,1.237902126,154538,35.3325099,IMG_0272.JPG,TRUE,0,0
Day 6,control,5,0,1.350878865,162397.5,34.67220535,IMG_0276.JPG,TRUE,10.3,7.624665889
Day 6,control,5,1,1.388444523,166913.5,34.67220535,IMG_0276.JPG,TRUE,14.5,10.44334128
Day 6,control,5,2,1.424022096,171190.5,34.67220535,IMG_0276.JPG,TRUE,15.7,11.02510983
Day 6,control,5,3,1.545515723,185796,34.67220535,IMG_0276.JPG,TRUE,14.6,9.446684875
Day 6,control,6,0,1.233094078,141814.5,33.91268789,IMG_0281.JPG,TRUE,2.8,2.270710767
Day 6,control,6,1,1.167063338,134220.5,33.91268789,IMG_0281.JPG,TRUE,4.8,4.112887316
Day 6,control,6,2,0.943916129,108557,33.91268789,IMG_0281.JPG,TRUE,0,0
Day 6,control,6,3,1.101884719,126724.5,33.91268789,IMG_0281.JPG,TRUE,0,0
Day 6,control,7,0,1.329497649,174069,36.18402963,IMG_0286.JPG,TRUE,11.1,8.349018148
Day 6,control,7,1,1.43011753,187243,36.18402963,IMG_0286.JPG,TRUE,7.5,5.24432422
Day 6,control,7,2,1.617002117,211711.5,36.18402963,IMG_0286.JPG,TRUE,5.9,3.648727443
Day 6,control,7,3,1.547086041,202557.5,36.18402963,IMG_0286.JPG,TRUE,4.6,2.973331721
Day 6,control,8,0,1.55976813,168135.5,32.83217763,IMG_0290.JPG,TRUE,13.6,8.719244702
Day 6,control,8,1,1.591759353,171584,32.83217763,IMG_0290.JPG,TRUE,13.4,8.418357947
Day 6,control,8,2,1.666456565,179636,32.83217763,IMG_0290.JPG,TRUE,10.1,6.060764028
Day 6,control,8,3,1.477913827,159312,32.83217763,IMG_0290.JPG,TRUE,13.8,9.337486225
Day 6,control,9,0,1.443973661,171840,34.49709275,IMG_0295.JPG,TRUE,12.5,8.656667598
Day 6,control,9,1,1.442440111,171657.5,34.49709275,IMG_0295.JPG,TRUE,12.8,8.873851956
Day 6,control,9,2,1.452801025,172890.5,34.49709275,IMG_0295.JPG,TRUE,12.1,8.328738616
Day 6,control,9,3,1.300118289,154720.5,34.49709275,IMG_0295.JPG,TRUE,9.2,7.076279196
Day 6,control,10,0,1.106153766,128042.5,34.02274275,IMG_0299.JPG,TRUE,3.9,3.525730436
Day 6,control,10,1,1.269214096,146917.5,34.02274275,IMG_0299.JPG,TRUE,8.2,6.46069093
Day 6,control,10,2,1.349655753,156229,34.02274275,IMG_0299.JPG,TRUE,14.4,10.66938734
Day 6,control,10,3,1.347573764,155988,34.02274275,IMG_0299.JPG,TRUE,8.1,6.010802686
Day 6,crushed,1,0,1.16418644,166392.5,37.80555388,IMG_0357.JPG,TRUE,18.3,15.71913172
Day 6,crushed,1,1,1.160551692,165873,37.80555388,IMG_0357.JPG,TRUE,9.7,8.358093884
Day 6,crushed,1,2,1.409530201,201458.5,37.80555388,IMG_0357.JPG,TRUE,2.6,1.84458623
Day 6,crushed,1,3,1.362166527,194689,37.80555388,IMG_0357.JPG,TRUE,0,0
Day 6,crushed,2,0,0.940115107,87826,30.56476324,IMG_0362.JPG,TRUE,16.1,17.12556248
Day 6,crushed,2,1,1.460964523,136484,30.56476324,IMG_0362.JPG,TRUE,11.5,7.871512154
Day 6,crushed,2,2,1.874305388,175098.5,30.56476324,IMG_0362.JPG,TRUE,19.1,10.19044182
Day 6,crushed,2,3,1.74675305,163182.5,30.56476324,IMG_0362.JPG,TRUE,18.8,10.76282649
Day 6,crushed,3,0,1.602230333,161552,31.75365302,IMG_0367.JPG,TRUE,12,7.489559869
Day 6,crushed,3,1,1.534442597,154717,31.75365302,IMG_0367.JPG,TRUE,8.8,5.734981562
Day 6,crushed,3,2,1.633376987,164692.5,31.75365302,IMG_0367.JPG,TRUE,5.2,3.183588382
Day 6,crushed,3,3,1.41975388,143153,31.75365302,IMG_0367.JPG,TRUE,6.2,4.366954081
Day 6,crushed,4,0,1.727789501,192454.5,33.374796,IMG_0372.JPG,TRUE,21.3,12.32789063
Day 6,crushed,4,1,1.602596146,178509.5,33.374796,IMG_0372.JPG,TRUE,22.2,13.85252302
Day 6,crushed,4,2,1.691169659,188375.5,33.374796,IMG_0372.JPG,TRUE,3.3,1.951312207
Day 6,crushed,4,3,1.641280848,182818.5,33.374796,IMG_0372.JPG,TRUE,0,0
Day 6,crushed,5,0,1.77166693,159837.5,30.03642908,IMG_0377.JPG,TRUE,0,0
Day 6,crushed,5,1,1.908639631,172195,30.03642908,IMG_0377.JPG,TRUE,3.3,1.728980132
Day 6,crushed,5,2,2.020927873,182325.5,30.03642908,IMG_0377.JPG,TRUE,19.3,9.55006869
Day 6,crushed,5,3,1.688014656,152290.5,30.03642908,IMG_0377.JPG,TRUE,14.8,8.767696387
Day 6,crushed,6,0,1.064056621,133585,35.43206615,IMG_0382.JPG,TRUE,18.8,17.66823271
Day 6,crushed,6,1,1.142977705,143493,35.43206615,IMG_0382.JPG,TRUE,9.9,8.661586272
Day 6,crushed,6,2,1.217816527,152888.5,35.43206615,IMG_0382.JPG,TRUE,3,2.463425265
Day 6,crushed,6,3,1.310629251,164540.5,35.43206615,IMG_0382.JPG,TRUE,3.6,2.746772207
Day 6,crushed,7,0,0.984468052,117640.5,34.56826776,IMG_0387.JPG,TRUE,17.7,17.97925281
Day 6,crushed,7,1,0.956078103,114248,34.56826776,IMG_0387.JPG,TRUE,14,14.64315516
Day 6,crushed,7,2,1.146719648,137029,34.56826776,IMG_0387.JPG,TRUE,10.5,9.15655367
Day 6,crushed,7,3,1.133828058,135488.5,34.56826776,IMG_0387.JPG,TRUE,13.5,11.90656723
Day 6,crushed,8,0,1.33061636,187271.5,37.51538564,IMG_0392.JPG,TRUE,10.1,7.590467325
Day 6,crushed,8,1,1.118399423,157404,37.51538564,IMG_0392.JPG,TRUE,4.9,4.381261203
Day 6,crushed,8,2,1.437515291,202316.5,37.51538564,IMG_0392.JPG,TRUE,9.7,6.747754312
Day 6,crushed,8,3,1.408131407,198181,37.51538564,IMG_0392.JPG,TRUE,11.8,8.379899732
Day 6,crushed,9,0,1.270690501,150509,34.41607531,IMG_0396.JPG,TRUE,4.6,3.620079001
Day 6,crushed,9,1,1.229005058,145571.5,34.41607531,IMG_0396.JPG,TRUE,12.4,10.08946214
Day 6,crushed,9,2,1.305558527,154639,34.41607531,IMG_0396.JPG,TRUE,19.2,14.7063495
Day 6,crushed,9,3,1.362238066,161352.5,34.41607531,IMG_0396.JPG,TRUE,13.6,9.983570669
Day 6,hole,1,0,1.94835466,192445,31.42818557,IMG_0304.JPG,TRUE,4.6,2.360966458
Day 6,hole,1,1,2.169173925,214256,31.42818557,IMG_0304.JPG,TRUE,7.7,3.549738411
Day 6,hole,1,2,1.761648939,174003.5,31.42818557,IMG_0304.JPG,TRUE,0,0
Day 6,hole,1,3,0.846860257,83647,31.42818557,IMG_0304.JPG,TRUE,7,8.265826552
Day 6,hole,2,0,1.439230191,170870,34.45623172,IMG_0308.JPG,TRUE,3.5,2.4318556
Day 6,hole,2,1,1.466587946,174118,34.45623172,IMG_0308.JPG,TRUE,13.4,9.136854038
Day 6,hole,2,2,1.426760007,169389.5,34.45623172,IMG_0308.JPG,TRUE,3,2.10266617
Day 6,hole,2,3,1.391198295,165167.5,34.45623172,IMG_0308.JPG,TRUE,3.1,2.228294854
Day 6,hole,5,0,1.687252523,137878,28.58626691,IMG_0319.JPG,TRUE,5.8,3.437541163
Day 6,hole,5,1,1.77622983,145149,28.58626691,IMG_0319.JPG,TRUE,11.4,6.418088363
Day 6,hole,5,2,1.353254157,110584.5,28.58626691,IMG_0319.JPG,TRUE,11.6,8.571930071
Day 6,hole,5,3,1.627412194,132988,28.58626691,IMG_0319.JPG,TRUE,22.3,13.70273621
Day 6,hole,6,0,1.768841207,182065,32.08254479,IMG_0324.JPG,TRUE,9.8,5.54035035
Day 6,hole,6,1,1.936806556,199353.5,32.08254479,IMG_0324.JPG,TRUE,24.4,12.59805732
Day 6,hole,6,2,1.976022921,203390,32.08254479,IMG_0324.JPG,TRUE,14,7.08493806
Day 6,hole,6,3,1.968804351,202647,32.08254479,IMG_0324.JPG,TRUE,11,5.587147345
Day 6,hole,7,0,2.185850241,261099.5,34.56151872,IMG_0329.JPG,TRUE,25.6,11.71168981
Day 6,hole,7,1,1.984686334,237070.5,34.56151872,IMG_0329.JPG,TRUE,20.9,10.53063128
Day 6,hole,7,2,1.256728162,150116,34.56151872,IMG_0329.JPG,TRUE,16.1,12.81104417
Day 6,hole,7,3,1.047807863,125160.5,34.56151872,IMG_0329.JPG,TRUE,13,12.40685479
Day 6,hole,8,0,1.815733567,176963,31.21872592,IMG_0333.JPG,TRUE,9,4.956674351
Day 6,hole,8,1,1.900341869,185209,31.21872592,IMG_0333.JPG,TRUE,19.5,10.26131156
Day 6,hole,8,2,1.518932445,148036.5,31.21872592,IMG_0333.JPG,TRUE,12.1,7.966121234
Day 6,hole,8,3,1.444441022,140776.5,31.21872592,IMG_0333.JPG,TRUE,13.5,9.346175994
Day 6,hole,9,0,1.309957698,120661,30.34972949,IMG_0337.JPG,TRUE,20.2,15.42034528
Day 6,hole,9,1,1.344649685,123856.5,30.34972949,IMG_0337.JPG,TRUE,20.2,15.02250008
Day 6,hole,9,2,1.364587671,125693,30.34972949,IMG_0337.JPG,TRUE,4.4,3.224417232
Day 6,hole,9,3,1.483993027,136691.5,30.34972949,IMG_0337.JPG,TRUE,8.7,5.862561239
Day 6,hole,11,0,1.727847618,197515.5,33.81021029,IMG_0347.JPG,TRUE,NA,#VALUE!
Day 6,hole,11,1,1.55982653,178308.5,33.81021029,IMG_0347.JPG,TRUE,NA,#VALUE!
Day 6,hole,11,2,0.947586623,108321.5,33.81021029,IMG_0347.JPG,TRUE,NA,#VALUE!
Day 6,hole,11,3,0.97136344,111039.5,33.81021029,IMG_0347.JPG,TRUE,NA,#VALUE!
Day 6,hole,12,0,1.460610642,148267.5,31.8607322,IMG_0353.JPG,TRUE,NA,#VALUE!
Day 6,hole,12,1,1.472757153,149500.5,31.8607322,IMG_0353.JPG,TRUE,NA,#VALUE!
Day 6,hole,12,2,1.17842836,119623,31.8607322,IMG_0353.JPG,TRUE,NA,#VALUE!
Day 6,hole,12,3,1.51693972,153985.5,31.8607322,IMG_0353.JPG,TRUE,NA,#VALUE!
Day 7,control,1,0,1.371312901,151760.5,33.26680508,IMG_0401.JPG,TRUE,0,0
Day 7,control,1,1,0.824840727,91283.5,33.26680508,IMG_0401.JPG,TRUE,0,0
Day 7,control,1,2,0.799250682,88451.5,33.26680508,IMG_0401.JPG,TRUE,2,2.502343816
Day 7,control,1,3,0.599807359,66379.5,33.26680508,IMG_0401.JPG,TRUE,2.5,4.168004881
Day 7,control,2,0,1.518427711,154384.5,31.88634843,IMG_0406.JPG,TRUE,8.1,5.334465344
Day 7,control,2,1,1.550840152,157680,31.88634843,IMG_0406.JPG,TRUE,8,5.158494247
Day 7,control,2,2,1.526359931,155191,31.88634843,IMG_0406.JPG,TRUE,9.9,6.486019319
Day 7,control,2,3,1.441465989,146559.5,31.88634843,IMG_0406.JPG,TRUE,11.3,7.839241497
Day 7,control,3,0,0.922982524,155509,41.04696257,IMG_0411.JPG,TRUE,9,9.750997192
Day 7,control,3,1,0.919017787,154841,41.04696257,IMG_0411.JPG,TRUE,9.5,10.33712311
Day 7,control,3,2,1.037861973,174864.5,41.04696257,IMG_0411.JPG,TRUE,11.2,10.79141571
Day 7,control,3,3,1.121536922,188962.5,41.04696257,IMG_0411.JPG,TRUE,9.6,8.559682533
Day 7,control,4,0,1.946739419,204370,32.40071999,IMG_0416.JPG,TRUE,11,5.650473756
Day 7,control,4,1,2.062465491,216519,32.40071999,IMG_0416.JPG,TRUE,24.3,11.78201532
Day 7,control,4,2,1.889276457,198337.5,32.40071999,IMG_0416.JPG,TRUE,18.2,9.633317521
Day 7,control,4,3,1.86125225,195395.5,32.40071999,IMG_0416.JPG,TRUE,15.8,8.488908478
Day 7,control,5,0,1.709116503,196556,33.91230573,IMG_0420.JPG,TRUE,18,10.53175718
Day 7,control,5,1,1.536605784,176716.5,33.91230573,IMG_0420.JPG,TRUE,15.9,10.34748155
Day 7,control,5,2,1.693447544,194754,33.91230573,IMG_0420.JPG,TRUE,18.1,10.68825549
Day 7,control,5,3,1.563061283,179759,33.91230573,IMG_0420.JPG,TRUE,21,13.4351738
Day 7,control,6,0,1.159902291,176318,38.98859833,IMG_0424.JPG,TRUE,11,9.483557436
Day 7,control,6,1,1.121638633,170501.5,38.98859833,IMG_0424.JPG,TRUE,14.7,13.10582532
Day 7,control,6,2,0.794507874,120774,38.98859833,IMG_0424.JPG,TRUE,7.4,9.313941677
Day 7,control,6,3,0.770933935,117190.5,38.98859833,IMG_0424.JPG,TRUE,7.5,9.728460071
Day 7,control,7,0,1.700008925,216811,35.71207258,IMG_0428.JPG,TRUE,NA,#VALUE!
Day 7,control,7,1,1.708637914,217911.5,35.71207258,IMG_0428.JPG,TRUE,NA,#VALUE!
Day 7,control,8,0,1.196054402,161271,36.72,IMG_0432.JPG,TRUE,17.8,14.8822662
Day 7,control,8,1,1.179178325,158995.5,36.72,IMG_0432.JPG,TRUE,14.5,12.29669821
Day 7,control,8,2,0.387237548,52213.5,36.72,IMG_0432.JPG,TRUE,3,7.747182626
Day 7,control,8,3,0.237970854,32087,36.72,IMG_0432.JPG,TRUE,6.2,26.05361075
Day 7,control,9,0,1.343375603,153534,33.80676027,IMG_0436.JPG,TRUE,17,12.65468865
Day 7,control,9,1,1.496783997,171067,33.80676027,IMG_0436.JPG,TRUE,16.7,11.15725451
Day 7,control,9,2,1.667022429,190523.5,33.80676027,IMG_0436.JPG,TRUE,14.8,8.878104902
Day 7,control,9,3,1.680855696,192104.5,33.80676027,IMG_0436.JPG,TRUE,18.2,10.82781826
Day 7,control,9,4,NA,0,33.80676027,IMG_0436.JPG,TRUE,,#VALUE!
Day 7,control,10,0,1.18043133,174509.5,38.44936514,IMG_0441.JPG,TRUE,14.5,12.28364551
Day 7,control,10,1,1.304471336,192847,38.44936514,IMG_0441.JPG,TRUE,14.8,11.34559234
Day 7,control,10,2,1.18351246,174965,38.44936514,IMG_0441.JPG,TRUE,10.8,9.125379215
Day 7,control,10,3,1.220759974,180471.5,38.44936514,IMG_0441.JPG,TRUE,5,4.095809255
Day 7,crushed,1,0,1.606240093,174351.5,32.94637315,IMG_0494.JPG,TRUE,0,0
Day 7,crushed,1,1,1.568638645,170270,32.94637315,IMG_0494.JPG,TRUE,5.2,3.314976344
Day 7,crushed,1,2,1.496241001,162411.5,32.94637315,IMG_0494.JPG,TRUE,5.9,3.943215027
Day 7,crushed,1,3,1.409628232,153010,32.94637315,IMG_0494.JPG,TRUE,0,0
Day 7,crushed,2,0,1.842553685,180752.5,31.32074482,IMG_0498.JPG,TRUE,NA,#VALUE!
Day 7,crushed,2,1,1.944909567,190793.5,31.32074482,IMG_0498.JPG,TRUE,NA,#VALUE!
Day 7,crushed,3,0,1.84604028,255167.5,37.1785196,IMG_0502.JPG,TRUE,NA,#VALUE!
Day 7,crushed,3,1,1.772449711,244995.5,37.1785196,IMG_0502.JPG,TRUE,NA,#VALUE!
Day 7,crushed,4,0,1.367297587,122408.5,29.92087325,IMG_0507.JPG,TRUE,5.4,3.949396278
Day 7,crushed,4,1,1.401578183,125477.5,29.92087325,IMG_0507.JPG,TRUE,9.7,6.92076983
Day 7,crushed,4,2,1.388554014,124311.5,29.92087325,IMG_0507.JPG,TRUE,6.2,4.465076576
Day 7,crushed,4,3,1.397579338,125119.5,29.92087325,IMG_0507.JPG,TRUE,7.8,5.581078503
Day 7,crushed,5,0,1.082909759,110688.5,31.97091879,IMG_0512.JPG,TRUE,0,0
Day 7,crushed,5,1,0.887882592,90754,31.97091879,IMG_0512.JPG,TRUE,0,0
Day 7,crushed,5,2,1.124283753,114917.5,31.97091879,IMG_0512.JPG,TRUE,0,0
Day 7,crushed,5,3,0.957550176,97875,31.97091879,IMG_0512.JPG,TRUE,0,0
Day 7,crushed,6,0,1.458925516,145135.5,31.54062295,IMG_0517.JPG,TRUE,2,1.370871904
Day 7,crushed,6,1,1.206244327,119998.5,31.54062295,IMG_0517.JPG,TRUE,0,0
Day 7,crushed,6,2,1.548108295,154007.5,31.54062295,IMG_0517.JPG,TRUE,4.3,2.777583464
Day 7,crushed,6,3,1.681314516,167259,31.54062295,IMG_0517.JPG,TRUE,0,0
Day 7,crushed,7,0,1.552819315,156050.5,31.70093854,IMG_0522.JPG,TRUE,0,0
Day 7,crushed,7,1,1.560133115,156785.5,31.70093854,IMG_0522.JPG,TRUE,2.6,1.666524462
Day 7,crushed,7,2,1.817170905,182616.5,31.70093854,IMG_0522.JPG,TRUE,16.1,8.859926137
Day 7,crushed,7,3,1.794403592,180328.5,31.70093854,IMG_0522.JPG,TRUE,15,8.359323435
Day 7,hole,1,0,1.052404824,95553,30.13219355,IMG_0446.JPG,TRUE,30.5,28.98124306
Day 7,hole,1,1,1.737889295,157791.5,30.13219355,IMG_0446.JPG,TRUE,7.8,4.488203032
Day 7,hole,1,2,1.660429004,150758.5,30.13219355,IMG_0446.JPG,TRUE,20.4,12.28598148
Day 7,hole,1,3,1.588684893,144244.5,30.13219355,IMG_0446.JPG,TRUE,18,11.33012599
Day 7,hole,2,0,1.851836705,261636.5,37.58787911,IMG_0451.JPG,TRUE,11.2,6.048049468
Day 7,hole,2,1,1.706895491,241158.5,37.58787911,IMG_0451.JPG,TRUE,2,1.1717179
Day 7,hole,2,2,1.539535031,217513,37.58787911,IMG_0451.JPG,TRUE,6.1,3.962235269
Day 7,hole,2,3,1.18299295,167139,37.58787911,IMG_0451.JPG,TRUE,0,0
Day 7,hole,3,0,1.641639557,184015,33.48017419,IMG_0456.JPG,TRUE,9.4,5.725982883
Day 7,hole,3,1,1.769369222,198332.5,33.48017419,IMG_0456.JPG,TRUE,9.2,5.199593102
Day 7,hole,3,2,1.853755106,207791.5,33.48017419,IMG_0456.JPG,TRUE,3.8,2.049893207
Day 7,hole,3,3,1.568641618,175832.5,33.48017419,IMG_0456.JPG,TRUE,4.4,2.804974667
Day 7,hole,4,0,1.057969719,180133,41.26292612,IMG_0461.JPG,TRUE,4,3.780826549
Day 7,hole,4,1,0.771166205,131301,41.26292612,IMG_0461.JPG,TRUE,0,0
Day 7,hole,5,0,1.793955667,239060.5,36.50463905,IMG_0466.JPG,TRUE,6.5,3.623277943
Day 7,hole,5,1,1.867099017,248807.5,36.50463905,IMG_0466.JPG,TRUE,14.3,7.658940349
Day 7,hole,5,2,1.737445356,231530,36.50463905,IMG_0466.JPG,TRUE,10.8,6.21602283
Day 7,hole,5,3,1.696596292,226086.5,36.50463905,IMG_0466.JPG,TRUE,8.3,4.892147907
Day 7,hole,6,0,1.71443545,194668.5,33.6966923,IMG_0471.JPG,TRUE,7.5,4.374617897
Day 7,hole,6,1,1.503161159,170679,33.6966923,IMG_0471.JPG,TRUE,13.1,8.714967069
Day 7,hole,6,2,1.494966294,169748.5,33.6966923,IMG_0471.JPG,TRUE,4.8,3.210774732
Day 7,hole,6,3,1.382409089,156968,33.6966923,IMG_0471.JPG,TRUE,8.7,6.293361402
Day 7,hole,7,0,1.866087309,244289,36.18145072,IMG_0476.JPG,TRUE,12.8,6.859271769
Day 7,hole,7,1,1.763478441,230856.5,36.18145072,IMG_0476.JPG,TRUE,10.8,6.124259729
Day 7,hole,7,2,1.310662623,171578.5,36.18145072,IMG_0476.JPG,TRUE,0,0
Day 7,hole,7,3,1.423102692,186298,36.18145072,IMG_0476.JPG,TRUE,0,0
Day 7,hole,8,0,1.715958504,161432.5,30.672,IMG_0480.JPG,TRUE,17.2,10.02355241
Day 7,hole,8,1,1.545465472,145393,30.672,IMG_0480.JPG,TRUE,10.3,6.664658763
Day 7,hole,8,2,2.028962218,190879,30.672,IMG_0480.JPG,TRUE,7.1,3.49932588
Day 7,hole,8,3,2.220342361,208883.5,30.672,IMG_0480.JPG,TRUE,8.6,3.87327655
Day 7,hole,9,0,1.971652246,247497.5,35.42992633,IMG_0484.JPG,TRUE,13.8,6.999205884
Day 7,hole,9,1,1.818415479,228262,35.42992633,IMG_0484.JPG,TRUE,11.5,6.324187259
Day 7,hole,9,2,1.748610318,219499.5,35.42992633,IMG_0484.JPG,TRUE,18.1,10.35107698
Day 7,hole,9,3,1.995591134,250502.5,35.42992633,IMG_0484.JPG,TRUE,14,7.015465123
Day 7,hole,10,0,0.920059881,112724.5,35.00266504,IMG_0489.JPG,TRUE,NA,#VALUE!
Day 7,hole,10,1,1.303311718,159680,35.00266504,IMG_0489.JPG,TRUE,NA,#VALUE!
Day 7,hole,10,2,1.129521858,138387.5,35.00266504,IMG_0489.JPG,TRUE,0,0
Day 8,control,1,0,1.314688975,99768,27.54762247,IMG_0586.JPG,TRUE,13.8,10.49677928
Day 8,control,1,1,1.30168941,98781.5,27.54762247,IMG_0586.JPG,TRUE,15.4,11.83077921
Day 8,control,1,2,1.353984165,102750,27.54762247,IMG_0586.JPG,TRUE,24.1,17.79932189
Day 8,control,1,3,1.460906088,110864,27.54762247,IMG_0586.JPG,TRUE,16.8,11.4997125
Day 8,control,2,0,1.42266167,122768.5,29.376,IMG_0590.JPG,TRUE,16.1,11.31681576
Day 8,control,2,1,1.393459493,120248.5,29.376,IMG_0590.JPG,TRUE,17,12.1998523
Day 8,control,2,2,1.134313353,97885.5,29.376,IMG_0590.JPG,TRUE,13.9,12.25410947
Day 8,control,2,3,1.138844325,98276.5,29.376,IMG_0590.JPG,TRUE,16.2,14.22494685
Day 8,control,3,0,1.44793834,121344,28.94903688,IMG_0594.JPG,TRUE,NA,#VALUE!
Day 8,control,3,1,0.810026423,67884,28.94903688,IMG_0594.JPG,TRUE,NA,#VALUE!
Day 8,control,3,2,1.7234719,144435,28.94903688,IMG_0594.JPG,TRUE,0,0
Day 8,control,4,0,1.068102721,77248,26.89286746,IMG_0599.JPG,TRUE,2.5,2.34059885
Day 8,control,4,1,0.858507196,62089.5,26.89286746,IMG_0599.JPG,TRUE,3.1,3.610919064
Day 8,control,4,2,0.874491128,63245.5,26.89286746,IMG_0599.JPG,TRUE,3.3,3.773623192
Day 8,control,4,3,1.054628377,76273.5,26.89286746,IMG_0599.JPG,TRUE,8.2,7.775250676
Day 8,control,5,0,1.059455875,71778.5,26.02889625,IMG_0604.JPG,TRUE,2.9,2.737254158
Day 8,control,5,1,1.222370177,82816,26.02889625,IMG_0604.JPG,TRUE,0,0
Day 8,control,5,2,1.391933892,94304,26.02889625,IMG_0604.JPG,TRUE,2,1.436849847
Day 8,control,5,3,1.166281901,79016,26.02889625,IMG_0604.JPG,TRUE,2.6,2.229306652
Day 8,control,6,0,1.003481731,73158.5,27.00086399,IMG_0608.JPG,TRUE,16,15.9444856
Day 8,control,6,1,1.025757397,74782.5,27.00086399,IMG_0608.JPG,TRUE,18.7,18.23043154
Day 8,control,6,2,1.216184167,88665.5,27.00086399,IMG_0608.JPG,TRUE,18.3,15.04706318
Day 8,control,6,3,1.286790073,93813,27.00086399,IMG_0608.JPG,TRUE,11.4,8.859253918
Day 8,control,7,0,1.482840645,126088.5,29.1602,IMG_0612.JPG,TRUE,16.8,11.32960582
Day 8,control,7,1,1.509765889,128378,29.1602,IMG_0612.JPG,TRUE,19.4,12.84967434
Day 8,control,7,2,1.301355443,110656.5,29.1602,IMG_0612.JPG,TRUE,11.9,9.144311849
Day 8,control,7,3,1.27258971,108210.5,29.1602,IMG_0612.JPG,TRUE,23.3,18.30912181
Day 8,control,8,0,0.847406126,65308.5,27.76125242,IMG_0616.JPG,TRUE,0,0
Day 8,control,8,1,0.908040328,69981.5,27.76125242,IMG_0616.JPG,TRUE,4.6,5.065854298
Day 8,control,8,2,1.147709568,88452.5,27.76125242,IMG_0616.JPG,TRUE,9,7.841705123
Day 8,control,8,3,1.117671439,86137.5,27.76125242,IMG_0616.JPG,TRUE,7.2,6.441964741
Day 8,control,9,0,1.57104588,118223.5,27.432,IMG_0620.JPG,TRUE,11.6,7.383616319
Day 8,control,9,1,1.508588623,113523.5,27.432,IMG_0620.JPG,TRUE,12.4,8.219603287
Day 8,control,9,2,1.401308315,105450.5,27.432,IMG_0620.JPG,TRUE,17.2,12.27424387
Day 8,control,9,3,1.462682538,110069,27.432,IMG_0620.JPG,TRUE,12.9,8.819412051
Day 8,control,10,0,1.135889246,100927,29.80819565,IMG_0624.JPG,TRUE,9.6,8.451528202
Day 8,control,10,1,1.095744221,97360,29.80819565,IMG_0624.JPG,TRUE,8.5,7.757284807
Day 8,control,10,2,1.232290203,109492.5,29.80819565,IMG_0624.JPG,TRUE,13,10.54946308
Day 8,control,10,3,1.227884042,109101,29.80819565,IMG_0624.JPG,TRUE,11.4,9.284264323
Day 8,crushed,1,0,0.648431629,56032,29.39584624,IMG_0673.JPG,TRUE,10.4,16.03869943
Day 8,crushed,1,1,0.867221755,74938,29.39584624,IMG_0673.JPG,TRUE,3,3.459322811
Day 8,crushed,1,2,0.353482726,30545,29.39584624,IMG_0673.JPG,TRUE,10.6,29.98732109
Day 8,crushed,2,0,1.312771409,105926.5,28.40584785,IMG_0678.JPG,TRUE,0,0
Day 8,crushed,2,1,1.208779822,97535.5,28.40584785,IMG_0678.JPG,TRUE,NA,#VALUE!
Day 8,crushed,2,2,1.632671642,131739,28.40584785,IMG_0678.JPG,TRUE,0,0
Day 8,crushed,2,3,1.644878973,132724,28.40584785,IMG_0678.JPG,TRUE,NA,#VALUE!
Day 8,crushed,3,0,1.360651474,108944,28.29620611,IMG_0683.JPG,TRUE,9.5,6.981949589
Day 8,crushed,3,1,1.026296203,82173,28.29620611,IMG_0683.JPG,TRUE,14,13.64128597
Day 8,crushed,3,2,1.066930654,85426.5,28.29620611,IMG_0683.JPG,TRUE,15.6,14.62138138
Day 8,crushed,4,0,1.559838139,121113.5,27.8648372,IMG_0688.JPG,TRUE,6.9,4.423535897
Day 8,crushed,4,1,1.732244792,134500,27.8648372,IMG_0688.JPG,TRUE,NA,#VALUE!
Day 8,crushed,4,2,1.009930912,78416,27.8648372,IMG_0688.JPG,TRUE,7.1,7.030183865
Day 8,crushed,4,3,2.250437128,174735,27.8648372,IMG_0688.JPG,TRUE,3.7,1.644125025
Day 8,crushed,5,0,1.276373192,110150.5,29.37679411,IMG_0693.JPG,TRUE,8.4,6.581147311
Day 8,crushed,5,1,1.313233153,113331.5,29.37679411,IMG_0693.JPG,TRUE,12.9,9.823084326
Day 8,crushed,5,2,1.209501506,104379.5,29.37679411,IMG_0693.JPG,TRUE,3.8,3.141790219
Day 8,crushed,5,3,1.24848778,107744,29.37679411,IMG_0693.JPG,TRUE,0,0
Day 8,crushed,6,0,1.135381622,68288,24.52456238,IMG_0701.JPG,TRUE,3.8,3.346892292
Day 8,crushed,6,1,1.082850603,65128.5,24.52456238,IMG_0701.JPG,TRUE,2..5,#VALUE!
Day 8,crushed,6,2,1.142747105,68731,24.52456238,IMG_0701.JPG,TRUE,17.7,15.48899133
Day 8,crushed,6,3,0.677782327,40765.5,24.52456238,IMG_0701.JPG,TRUE,19.1,28.18013873
Day 8,crushed,7,0,1.184027872,90508.5,27.648,IMG_0707.JPG,TRUE,0,0
Day 8,crushed,7,1,1.315697721,100573.5,27.648,IMG_0707.JPG,TRUE,0,0
Day 8,crushed,7,2,1.142159084,87308,27.648,IMG_0707.JPG,TRUE,4.2,3.677246068
Day 8,crushed,7,3,1.015911704,77657.5,27.648,IMG_0707.JPG,TRUE,0,0
Day 8,hole,1,0,1.175186445,133455,33.69876912,IMG_0629.JPG,TRUE,3.7,3.148436588
Day 8,hole,1,1,1.063343179,120754,33.69876912,IMG_0629.JPG,TRUE,5.2,4.890236852
Day 8,hole,1,2,1.343074626,152520.5,33.69876912,IMG_0629.JPG,TRUE,2.9,2.15922477
Day 8,hole,1,3,1.053330913,119617,33.69876912,IMG_0629.JPG,TRUE,0,0
Day 8,hole,2,0,1.323291851,107613.5,28.51711318,IMG_0634.JPG,TRUE,16.2,12.24219736
Day 8,hole,2,1,1.259613345,102435,28.51711318,IMG_0634.JPG,TRUE,16.6,13.17864729
Day 8,hole,2,2,1.62176371,131886,28.51711318,IMG_0634.JPG,TRUE,0,0
Day 8,hole,2,3,1.779524333,144715.5,28.51711318,IMG_0634.JPG,TRUE,0,0
Day 8,hole,3,0,1.551800784,119579,27.75936166,IMG_0640.JPG,TRUE,5.8,3.737593163
Day 8,hole,3,1,1.526722342,117646.5,27.75936166,IMG_0640.JPG,TRUE,10.4,6.811978651
Day 8,hole,3,2,1.303936234,100479,27.75936166,IMG_0640.JPG,TRUE,18.9,14.49457382
Day 8,hole,3,3,1.313467989,101213.5,27.75936166,IMG_0640.JPG,TRUE,17.2,13.09510406
Day 8,hole,4,0,1.149368843,70919,24.84,IMG_0645.JPG,TRUE,0,0
Day 8,hole,4,1,0.950714201,58661.5,24.84,IMG_0645.JPG,TRUE,NA,#VALUE!
Day 8,hole,4,2,1.470303663,90721.5,24.84,IMG_0645.JPG,TRUE,0,0
Day 8,hole,5,0,1.306270422,142668.5,33.04817647,IMG_0650.JPG,TRUE,NA,#VALUE!
Day 8,hole,5,1,2.204985131,240824.5,33.04817647,IMG_0650.JPG,TRUE,NA,#VALUE!
Day 8,hole,7,0,0.939836724,81728,29.48894464,IMG_0658.JPG,TRUE,4.7,5.000868641
Day 8,hole,7,1,1.471410022,127953.5,29.48894464,IMG_0658.JPG,TRUE,0,0
Day 8,hole,7,2,1.494759895,129984,29.48894464,IMG_0658.JPG,TRUE,5.1,3.41191921
Day 8,hole,8,0,1.067647681,83537.5,27.97220849,IMG_0668.JPG,TRUE,0,0
Day 8,hole,8,1,1.125044727,88028.5,27.97220849,IMG_0668.JPG,TRUE,NA,#VALUE!
Day 8,hole,8,2,1.215613457,95115,27.97220849,IMG_0668.JPG,TRUE,0,0
Day 8,hole,8,3,1.184537768,92683.5,27.97220849,IMG_0668.JPG,TRUE,0,0
