Day,Time,ID,type,order_taken,rotation,scatter-hoard,leaf,eaten,N_congeners_around,session_number,bloc_number,Comments,Session,jaw-movement,nb tour horizontal,nb tour vertical,timing (s),teeth-hole contact,
22/04,,Josianne,control,1,1,1,0,0,0,1,1,5 sniffing,1,21,1,2,7,NA,
22/04,,Josianne,control,2,1,1,1,0,0,1,1,Male. Ate 8 peanuts + 2 banana pieces,1,22,1,3,8,NA,
22/04,,Josianne,1cm_hole,3,0,1,1,0,0,1,1,rotated twice,1,0,NA,NA,NA,0,
22/04,,Josianne,1cm_hole,4,1,1,1,0,0,1,1,rotated twice,1,8,0,2,4,0,
22/04,,Josianne,crushed,5,1,0,0,1,0,1,1,,1,9,"1,5",0,4,NA,
22/04,,Josianne,crushed,6,1,0,0,1,0,1,1,,1,14,1,1,9,NA,
22/04,,Josianne,1cm_hole,7,1,0,0,1,0,1,1,,1,5,0,1,4,1,
22/04,,Josianne,crushed,8,1,1,1,0,0,1,1,,1,,,,,,
22/04,,Josianne,control,9,1,1,1,0,0,1,1,,1,,,,,,
22/04,,Josianne,1cm_hole,10,1,0,0,1,0,1,1,,1,,,,,,
22/04,,Josianne,control,11,1,1,1,0,0,1,1,,1,,,,,,
22/04,,Josianne,control,12,1,1,1,0,0,1,1,,1,,,,,,
22/04,,Josianne,crushed,13,1,0,0,1,0,1,1,,1,,,,,,
22/04,,Josianne,crushed,14,1,0,0,1,0,1,1,,1,,,,,,
22/04,18:05,Grizzly,control,1,1,1,0,0,2,1,1,,1,,,,,,
22/04,,Grizzly,1cm_hole,2,1,0,0,1,1,1,1,,1,8,1,1,"9,5",NA,
22/04,,Grizzly,control,3,0,1,0,0,2,1,1,,1,0,NA,NA,NA,NA,
22/04,,Grizzly,crushed,4,0,0,0,1,2,1,1,,1,1,0,0,"0,5",NA,
22/04,,Grizzly,control,5,0,1,0,0,2,1,1,,1,0,NA,NA,NA,NA,
22/04,,Grizzly,crushed,6,1,0,0,1,1,1,1,,1,2,0,0,"0,5",NA,
22/04,,Grizzly,1cm_hole,1,0,0,0,1,1,1,2,,1,2,0,0,"0,5",0,
22/04,,Grizzly,crushed,2,1,0,0,1,1,1,2,,1,2,0,"0,5","1,5",NA,
22/04,,Grizzly,1cm_hole,3,1,0,0,1,1,1,2,,1,4,0,"0,25",2,NA,too far to see
22/04,,Grizzly,control,4,1,0,0,1,1,1,2,,1,4,0,"0,5",3,NA,
22/04,,Grizzly,control,5,0,1,0,0,1,1,2,,1,,,,,,
22/04,,Grizzly,crushed,6,0,0,0,1,1,1,2,,1,,,,,,
22/04,,Grizzly,1cm_hole,7,1,1,1,0,1,1,2,,1,,,,,,
22/04,,Grizzly,control,8,1,1,0,0,1,1,2,,1,,,,,,
22/04,,Grizzly,crushed,9,NA,NA,NA,NA,NA,1,2,,1,,,,,,
22/04,,Grizzly,control,1,1,1,1,0,2,1,3,,1,0,NA,NA,NA,NA,
22/04,,Grizzly,crushed,2,0,0,0,1,2,1,3,,1,3,NA,NA,1,NA,
22/04,,Grizzly,1cm_hole,3,0,0,0,1,2,1,3,,1,NA,NA,NA,NA,NA,too far to see
22/04,,Grizzly,crushed,4,1,0,0,1,2,1,3,,1,5,0,"0,5",2,NA,
22/04,,Grizzly,control,5,1,1,0,0,2,1,3,,1,NA,NA,NA,NA,NA,
22/04,,Grizzly,1cm_hole,6,0,0,0,1,2,1,3,,1,1,NA,NA,NA,0,
22/04,,Grizzly,control,7,0,1,1,0,2,1,3,,1,1,NA,NA,NA,NA,
22/04,,Grizzly,1cm_hole,8,0,1,0,0,2,1,3,,1,0,NA,NA,NA,0,
22/04,,Grizzly,crushed,9,0,0,0,1,2,1,3,,1,1,NA,NA,NA,NA,
22/04,,Grizzly,control,1,1,1,0,0,1,1,4,sniffing 1,1,7,1,"0,5",8,NA,
22/04,,Grizzly,control,2,1,1,0,0,1,1,4,sniffing 1,1,5,"0,75","0,5","4,5",NA,
22/04,,Grizzly,crushed,3,0,1,0,0,1,1,4,,1,0,NA,NA,NA,NA,
22/04,,Grizzly,crushed,4,1,0,0,1,0,1,4,,1,2,"0,25",0,1,NA,
22/04,,Grizzly,1cm_hole,5,0,1,0,0,0,1,4,,1,3,0,0,1,0,
22/04,,Grizzly,1cm_hole,6,0,1,1,0,0,1,4,,1,1,NA,NA,NA,0,
22/04,,Grizzly,1cm_hole,7,0,0,0,1,0,1,4,,1,1,NA,NA,NA,0,
22/04,,Grizzly,crushed,8,0,0,0,1,0,1,4,,1,NA,NA,NA,NA,NA,not on video
,,Grizzly,control,9,0,1,0,0,0,1,4,,1,1,NA,NA,NA,NA,
,,Bugs,control,1,1,1,0,0,6,2,1,Male. Ad libitum rice.4 peanuts eaten before first SH,2,5,0,1,2,NA,
23/04,,Bugs,2cm_hole,2,1,0,0,1,6,2,1,sniffing 1,2,3,"0,5",0,1,0,
23/04,,Bugs,crushed,3,0,0,0,1,6,2,1,,2,0,NA,NA,NA,NA,
23/04,,Bugs,control,4,1,0,0,1,6,2,1,,2,6,0,0.75,3,NA,
23/04,,Bugs,crushed,5,1,0,0,1,6,2,1,,2,4,0,"0,5","5,5",NA,
23/04,,Bugs,2cm_hole,6,1,0,0,1,6,2,1,,2,3,"0,5","0,5",2,1,
23/04,,Bugs,crushed,7,0,0,0,1,6,2,1,,2,3,0,0,1,NA,
23/04,,Bugs,control,8,1,1,0,0,6,2,1,,2,2,0,0.5,"1,8",NA,
23/04,,Bugs,2cm_hole,9,NA,NA,NA,NA,NA,2,1,abandonned,2,NA,NA,NA,NA,NA,
23/04,,Bugs,crushed,1,0,1,0,0,6,2,2,,2,0,NA,NA,NA,NA,
23/04,,Bugs,2cm_hole,2,1,1,0,0,6,2,2,,2,12,"0,5",1,4,1,GP010674.MP4 at 03:20:25
23/04,,Bugs,control,3,0,1,0,0,6,2,2,,2,4,NA,NA,"2,5",NA,
23/04,,Bugs,control,4,0,1,0,0,6,2,2,,2,4,NA,NA,2,NA,
23/04,,Bugs,control,5,1,1,0,0,6,2,2,,2,4,1,0,"2,5",NA,
23/04,,Bugs,2cm_hole,6,1,1,0,0,6,2,2,,2,5,"0,25",1,6,0,
23/04,,Bugs,crushed,7,0,0,0,1,6,2,2,,2,NA,NA,NA,NA,NA,no video
23/04,,Bugs,crushed,8,NA,NA,NA,NA,NA,2,2,abandonned,2,NA,NA,NA,NA,NA,
23/04,,Bugs,2cm_hole,9,NA,NA,NA,NA,NA,2,2,abandonned,2,NA,NA,NA,NA,NA,
24/04,,Bianca,control,1,1,1,0,0,3,3,1,,3,,,,,,
24/04,,Bianca,2cm_hole,2,0,1,0,0,3,3,1,,3,,,,,,
24/04,,Bianca,control,3,0,1,1,0,3,3,1,,3,,,,,,
24/04,,Bianca,crushed,4,1,0,0,1,3,3,1,,3,,,,,,
24/04,,Bianca,2cm_hole,5,1,0,0,1,3,3,1,,3,,,,,,
24/04,,Bianca,crushed,6,1,0,0,1,3,3,1,,3,,,,,,
24/04,,Bianca,control,7,1,1,0,0,3,3,1,,3,,,,,,
24/04,,Bianca,2cm_hole,8,1,0,0,1,3,3,1,,3,,,,,,
24/04,,Bianca,crushed,9,0,0,0,1,3,3,1,,3,,,,,,
24/04,,Bianca,control,1,1,1,1,0,3,3,2,,3,,,,,,
24/04,,Bianca,2cm_hole,2,0,1,1,0,3,3,2,,3,,,,,,
24/04,,Bianca,2cm_hole,3,1,0,0,1,3,3,2,,3,,,,,,
24/04,,Bianca,crushed,4,0,1,1,0,3,3,2,,3,,,,,,
24/04,,Bianca,control,5,1,1,0,0,3,3,2,,3,,,,,,
24/04,,Bianca,crushed,6,1,0,0,1,3,3,2,,3,,,,,,
24/04,,Bianca,control,7,NA,NA,NA,NA,NA,3,2,,3,,,,,,
24/04,,Bianca,2cm_hole,8,NA,NA,NA,NA,NA,3,2,,3,,,,,,
24/04,,Bianca,crushed,9,NA,NA,NA,NA,NA,3,2,,3,,,,,,
28/04,,Dumbo,2cm_hole,1,1,0,0,1,6,4,1,,4,,,,,,
28/04,,Dumbo,control,2,1,1,1,0,6,4,1,,4,11,1,2,7,NA,
28/04,,Dumbo,control,3,1,1,1,0,6,4,1,,4,9,2,0,10,NA,
28/04,,Dumbo,control,4,1,1,1,0,6,4,1,,4,,,,,,
28/04,,Dumbo,crushed,5,1,0,0,1,6,4,1,,4,,,,,,
28/04,,Dumbo,2cm_hole,6,1,1,1,0,6,4,1,,4,,,,,,
28/04,,Dumbo,2cm_hole,7,1,1,1,0,6,4,1,,4,,,,,,
28/04,,Dumbo,crushed,8,NA,NA,NA,NA,NA,4,1,,4,,,,,,
28/04,,Dumbo,crushed,9,NA,NA,NA,NA,NA,4,1,,4,,,,,,
28/04,,Nemo,control,1,1,1,1,0,6,4,1,,4,,,,,,
28/04,,Nemo,control,2,1,1,0,0,6,4,1,,4,,,,,,
28/04,,Nemo,control,3,1,1,0,0,6,4,1,,4,,,,,,
28/04,,Nemo,2cm_hole,4,1,1,1,0,6,4,1,,4,,,,,,
28/04,,Nemo,crushed,5,1,0,0,1,6,4,1,,4,,,,,,
28/04,,Nemo,1cm_hole,6,1,1,1,0,6,4,1,,4,,,,,,
28/04,,Nemo,2cm_hole,7,1,0,0,1,6,4,1,,4,,,,,,
28/04,,Nemo,crushed,8,0,1,0,0,6,4,1,,4,,,,,,
28/04,,Nemo,crushed,9,NA,NA,NA,NA,6,4,1,,4,,,,,,
28/04,,Minus,control,1,1,0,0,1,6,4,1,,4,,,,,,
28/04,,Minus,control,2,1,1,0,0,6,4,1,,4,,,,,,
28/04,,Minus,control,3,1,1,0,0,6,4,1,,4,,,,,,
28/04,,Minus,1cm_hole,4,1,0,0,1,6,4,1,,4,,,,,,
28/04,,Minus,crushed,5,1,0,0,1,6,4,1,,4,,,,,,
28/04,,Minus,crushed,6,1,1,1,0,6,4,1,,4,,,,,,
28/04,,Minus,1cm_hole,7,1,1,1,0,6,4,1,,4,,,,,,
28/04,,Minus,1cm_hole,8,1,1,1,0,6,4,1,,4,,,,,,
28/04,,Minus,crushed,9,NA,NA,NA,NA,6,4,1,,4,,,,,,
29/04,07:35,Georgio,2cm_hole,1,1,0,NA,1,5,5,1,,5,,,,,,
29/04,,Georgio,control,2,1,1,NA,0,5,5,1,,5,,,,,,
29/04,,Georgio,crushed,3,1,0,NA,1,5,5,1,,5,,,,,,
29/04,,Georgio,2cm_hole,4,0,1,NA,0,5,5,1,,5,,,,,,
29/04,,Georgio,control,5,1,1,NA,0,5,5,1,,5,,,,,,
29/04,,Georgio,control,6,0,1,NA,0,4,5,1,,5,,,,,,
29/04,,Georgio,crushed,7,1,0,NA,1,4,5,1,,5,,,,,,
29/04,,Georgio,crushed,8,1,0,NA,1,4,5,1,,5,,,,,,
29/04,,Georgio,2cm_hole,9,1,0,NA,1,4,5,1,,5,,,,,,
29/04,09:45,Georgio,control,1,0,1,NA,0,0,5,2,,6,4,1.5,0,"3,5",NA,
29/04,,Georgio,2cm_hole,2,1,1,NA,0,0,5,2,,6,,,,,,
29/04,,Georgio,control,3,1,1,NA,0,0,5,2,,6,,,,,,
29/04,,Georgio,2cm_hole,4,0,1,NA,0,0,5,2,,6,,,,,,
29/04,,Georgio,crushed,5,1,0,NA,1,0,5,2,,6,,,,,,
29/04,,Georgio,crushed,6,1,1,NA,0,1,5,2,,6,,,,,,
29/04,,Georgio,control,7,1,1,NA,0,1,5,2,,6,,,,,,
29/04,,Georgio,2cm_hole,8,1,1,NA,0,1,5,2,,6,,,,,,
29/04,,Georgio,crushed,9,0,0,NA,0,1,5,2,peel and scatterhoard the nut only!!,6,,,,,,
29/04,10:24,Punk,control,1,1,1,NA,0,0,5,1,,7,,,,,,
29/04,,Punk,crushed,2,1,0,NA,1,0,5,1,,7,,,,,,
29/04,,Punk,crushed,3,1,0,NA,1,0,5,1,,7,,,,,,
29/04,,Punk,crushed,4,1,0,NA,1,0,5,1,,7,,,,,,
29/04,,Punk,control,5,1,1,NA,0,0,5,1,,7,,,,,,
29/04,,Punk,2cm_hole,6,1,0,NA,1,0,5,1,,7,,,,,,
29/04,,Punk,control,7,1,1,NA,0,0,5,1,,7,,,,,,
29/04,10:37,Punk,2cm_hole,8,1,0,NA,1,0,5,1,,7,2,"0,5",0,"1,8",1,
29/04,,Punk,2cm_hole,9,0,0,NA,1,0,5,1,,7,1,0,0,1,1,
29/04,,Punk,control,10,1,1,NA,0,0,5,1,,7,4,0,1,"4,5",NA,
06/05,,Tom,control,1,1,1,0,0,0,6,1,,8,,,,,,
06/05,,Tom,control,2,0,0,0,1,0,6,1,,8,,,,,,
06/05,,Tom,2cm_hole,3,0,0,0,1,0,6,1,,8,,,,,,
06/05,,Tom,crushed,4,0,0,0,0,0,6,1,ignored,8,,,,,,
06/05,,Tom,control,5,0,1,NA,0,0,6,1,,8,,,,,,
06/05,,Tom,2cm_hole,6,0,0,0,1,0,6,1,,8,,,,,,
06/05,,Tom,2cm_hole,7,0,0,0,1,0,6,1,,8,,,,,,
06/05,,Tom,crushed,8,0,0,0,0,0,6,1,ignored,8,,,,,,
06/05,,Tom,crushed,9,0,0,0,0,0,6,1,ignored,8,,,,,,
07/05,,Proud,crushed,1,0,0,NA,1,7,7,1,,9,,,,,,
07/05,,Proud,control,2,0,1,NA,0,7,7,1,,9,,,,,,
07/05,,Proud,control,3,0,1,NA,0,7,7,1,,9,,,,,,
07/05,,Proud,crushed,4,0,0,NA,1,7,7,1,,9,,,,,,
07/05,,Proud,1cm_hole,5,1,1,NA,0,7,7,1,,9,,,,,,
07/05,,Proud,control,6,1,1,NA,0,7,7,1,,9,,,,,,
07/05,,Proud,crushed,7,1,1,NA,0,7,7,1,,9,,,,,,
07/05,,Proud,control,8,1,1,NA,0,7,7,1,,9,,,,,,
07/05,,Proud,1cm_hole,9,1,0,NA,1,7,7,1,,9,,,,,,
07/05,,Proud,1cm_hole,10,1,1,NA,0,7,7,1,,9,,,,,,
07/05,,Proud,1cm_hole,1,1,0,NA,1,7,7,2,,9,,,,,,
07/05,,Proud,crushed,2,1,0,NA,1,7,7,2,,9,,,,,,
07/05,,Proud,control,3,1,1,NA,0,7,7,2,,9,,,,,,
07/05,,Proud,crushed,4,0,1,NA,0,7,7,2,,9,,,,,,
07/05,,Proud,control,5,1,1,NA,0,7,7,2,,9,,,,,,
07/05,,Proud,1cm_hole,6,1,0,NA,1,7,7,2,,9,,,,,,
07/05,,Proud,control,7,1,1,NA,0,7,7,2,,9,,,,,,
07/05,,Proud,1cm_hole,8,NA,NA,NA,NA,7,7,2,,9,,,,,,
07/05,,Proud,crushed,9,NA,NA,NA,NA,7,7,2,,9,,,,,,
07/05,,Proud,1cm_hole,1,1,0,NA,1,7,7,3,,9,,,,,,
07/05,,Proud,control,2,1,1,NA,0,7,7,3,,9,,,,,,
07/05,,Proud,crushed,3,0,1,NA,0,7,7,3,,9,,,,,,
07/05,,Proud,crushed,4,1,0,NA,1,7,7,3,,9,,,,,,
07/05,,Proud,1cm_hole,5,1,0,NA,1,7,7,3,,9,,,,,,
07/05,,Proud,control,6,0,1,NA,1,7,7,3,,9,,,,,,
07/05,,Proud,crushed,7,0,1,NA,0,7,7,3,,9,,,,,,
07/05,,Proud,1cm_hole,8,0,1,NA,0,7,7,3,,9,,,,,,
07/05,,Proud,control,9,1,1,NA,0,7,7,3,,9,,,,,,
07/05,,Other,control,1,0,1,NA,0,5,7,1,,9,,,,,,
07/05,,Other,crushed,2,0,0,NA,1,5,7,1,,9,,,,,,
07/05,,Other,1cm_hole,3,0,0,NA,1,5,7,1,,9,,,,,,
07/05,,Other,1cm_hole,4,0,0,NA,1,5,7,1,,9,,,,,,
07/05,,Other,control,5,0,1,NA,0,5,7,1,,9,,,,,,
07/05,,Other,crushed,6,1,0,NA,1,5,7,1,,9,,,,,,
07/05,,Other,control,7,1,1,NA,0,5,7,1,,9,,,,,,
07/05,,Other,crushed,8,1,0,NA,1,5,7,1,,9,,,,,,
07/05,,Other,1cm_hole,9,0,1,NA,0,5,7,1,,9,,,,,,
07/05,,Other,crushed,10,0,1,NA,0,5,7,1,,9,,,,,,
07/05,,Other,1cm_hole,1,1,0,NA,1,5,7,2,,9,,,,,,
07/05,,Other,crushed,2,0,0,NA,1,5,7,2,,9,,,,,,
07/05,,Other,control,3,1,1,NA,0,5,7,2,,9,,,,,,
07/05,,Other,crushed,4,0,0,NA,1,5,7,2,,9,,,,,,
07/05,,Other,1cm_hole,5,1,0,NA,1,5,7,2,,9,,,,,,
07/05,,Other,,6,1,0,NA,1,5,7,2,,9,,,,,,
07/05,,Other,crushed,7,0,0,NA,1,5,7,2,,9,,,,,,
07/05,,Other,1cm_hole,8,1,0,NA,1,5,7,2,,9,,,,,,
07/05,,Other,control,9,1,1,NA,0,5,7,2,,9,,,,,,
07/05,,Proud,control,1,1,1,NA,0,NA,8,1,,10,,,,,,
07/05,,Proud,crushed,2,0,0,NA,1,NA,8,1,,10,,,,,,
07/05,,Proud,1cm_hole,3,1,0,NA,1,NA,8,1,,10,,,,,,
07/05,,Proud,1cm_hole,4,0,1,NA,0,NA,8,1,,10,,,,,,
07/05,,Proud,control,5,0,1,NA,0,NA,8,1,,10,,,,,,
07/05,,Proud,control,6,1,1,NA,0,NA,8,1,,10,,,,,,
07/05,,Proud,crushed,7,0,1,NA,0,NA,8,1,,10,,,,,,
07/05,,Proud,control,8,0,1,NA,0,NA,8,1,,10,,,,,,
07/05,,Proud,1cm_hole,9,1,NA,NA,NA,NA,8,1,,10,,,,,,
07/05,,Proud,crushed,10,0,1,NA,0,NA,8,1,,10,,,,,,
07/05,,Proud,control,1,1,1,NA,0,NA,8,2,,10,,,,,,
07/05,,Proud,1cm_hole,2,0,1,NA,0,NA,8,2,,10,,,,,,
07/05,,Proud,control,3,1,1,NA,0,NA,8,2,,10,,,,,,
07/05,,Proud,control,4,1,1,NA,0,NA,8,2,,10,,,,,,
07/05,,Proud,1cm_hole,5,0,1,NA,0,NA,8,2,,10,,,,,,
07/05,,Proud,crushed,6,1,1,NA,0,NA,8,2,,10,,,,,,
07/05,,Proud,1cm_hole,7,1,0,NA,1,NA,8,2,,10,,,,,,
07/05,,Proud,crushed,8,1,0,NA,1,NA,8,2,,10,,,,,,
07/05,,Proud,crushed,9,1,0,NA,1,NA,8,2,,10,,,,,,
07/05,,Proud,control,1,0,1,NA,0,NA,8,3,,10,,,,,,
07/05,,Proud,control,2,0,1,NA,0,NA,8,3,,10,,,,,,
07/05,,Proud,crushed,3,0,1,NA,0,NA,8,3,,10,,,,,,
07/05,,Proud,1cm_hole,4,1,1,NA,0,NA,8,3,,10,,,,,,
07/05,,Proud,control,5,0,1,NA,0,NA,8,3,,10,,,,,,
07/05,,Proud,1cm_hole,6,1,0,NA,1,NA,8,3,,10,,,,,,
07/05,,Proud,crushed,7,0,0,NA,1,NA,8,3,,10,,,,,,
07/05,,Proud,1cm_hole,8,1,0,NA,1,NA,8,3,,10,,,,,,
07/05,,Proud,control,9,1,1,NA,0,NA,8,3,,10,,,,,,
07/05,,Small black,control,1,0,1,NA,0,NA,8,1,,10,,,,,,
07/05,,Small black,crushed,2,0,1,1,0,NA,8,1,,10,,,,,,
07/05,,Small black,control,3,1,0,NA,1,NA,8,1,,10,,,,,,
07/05,,Small black,control,4,0,1,NA,0,NA,8,1,,10,,,,,,
07/05,,Small black,1cm_hole,5,0,1,NA,0,NA,8,1,,10,,,,,,
07/05,,Small black,crushed,6,0,1,NA,0,NA,8,1,,10,,,,,,
07/05,,Small black,1cm_hole,7,0,0,NA,1,NA,8,1,,10,,,,,,
07/05,,Small black,1cm_hole,8,0,1,NA,0,NA,8,1,,10,,,,,,
07/05,,Small black,crushed,9,1,0,NA,1,NA,8,1,,10,,,,,,
07/05,,Small black,control,1,0,1,NA,0,NA,8,2,,10,,,,,,
07/05,,Small black,crushed,2,0,1,1,0,NA,8,2,,10,,,,,,
07/05,,Small black,1cm_hole,3,0,1,NA,0,NA,8,2,,10,,,,,,
07/05,,Small black,1cm_hole,4,0,1,NA,0,NA,8,2,,10,,,,,,
07/05,,Small black,crushed,5,1,0,NA,1,NA,8,2,,10,,,,,,
07/05,,Small black,1cm_hole,6,1,0,NA,1,NA,8,2,,10,,,,,,
07/05,,Small black,control,7,1,1,NA,0,NA,8,2,,10,,,,,,
07/05,,Small black,control,8,1,1,NA,0,NA,8,2,,10,,,,,,
07/05,,Small black,crushed,9,1,0,NA,1,NA,8,2,,10,,,,,,
07/05,,Small black,1cm_hole,1,0,0,NA,1,NA,8,3,,10,,,,,,
07/05,,Small black,control,2,0,1,NA,0,NA,8,3,,10,,,,,,
07/05,,Small black,control,3,1,1,NA,0,NA,8,3,,10,,,,,,
07/05,,Small black,crushed,4,0,0,NA,1,NA,8,3,,10,,,,,,
07/05,,Small black,1cm_hole,5,1,0,NA,1,NA,8,3,,10,,,,,,
07/05,,Small black,crushed,6,0,0,NA,1,NA,8,3,,10,,,,,,
07/05,,Small black,control,7,1,1,1,0,NA,8,3,,10,,,,,,
07/05,,Small black,crushed,8,1,0,NA,1,NA,8,3,,10,,,,,,
07/05,,Small black,1cm_hole,9,0,0,NA,1,NA,8,3,,10,,,,,,
07/05,,Small black,control,1,1,1,1,0,NA,8,4,,10,,,,,,
07/05,,Small black,1cm_hole,2,0,0,NA,1,NA,8,4,,10,,,,,,
07/05,,Small black,crushed,3,0,0,NA,1,NA,8,4,,10,,,,,,
07/05,,Small black,1cm_hole,4,1,0,NA,1,NA,8,4,,10,,,,,,
07/05,,Small black,control,5,1,1,NA,0,NA,8,4,,10,,,,,,
07/05,,Small black,1cm_hole,6,1,0,NA,1,NA,8,4,,10,,,,,,
07/05,,Small black,crushed,7,0,0,NA,1,NA,8,4,,10,,,,,,
07/05,,Small black,crushed,8,1,0,NA,1,NA,8,4,,10,,,,,,
07/05,,Small black,1cm_hole,9,0,1,NA,0,NA,8,4,,10,,,,,,
07/05,,Small black,control,10,1,1,NA,0,NA,8,4,,10,,,,,,
07/05,,Blanco,control,1,0,1,NA,0,NA,8,1,,10,,,,,,
07/05,,Blanco,control,2,0,0,NA,1,NA,8,1,,10,,,,,,
07/05,,Blanco,control,3,0,1,NA,0,NA,8,1,,10,,,,,,
07/05,,Blanco,1cm_hole,4,1,0,NA,1,NA,8,1,,10,,,,,,
07/05,,Blanco,crushed,5,0,0,NA,1,NA,8,1,,10,,,,,,
09/05,,Grizzly,1cm_hole,1,0,0,NA,1,NA,9,1,,11,,,,,,
09/05,,Grizzly,crushed,2,0,0,NA,1,NA,9,1,,11,,,,,,
09/05,,Grizzly,control,3,0,1,NA,0,NA,9,1,,11,,,,,,
09/05,,Grizzly,crushed,4,0,0,NA,1,NA,9,1,,11,,,,,,
09/05,,Grizzly,1cm_hole,5,0,0,NA,1,NA,9,1,,11,,,,,,
09/05,,Grizzly,control,6,0,0,NA,1,NA,9,1,,11,,,,,,
09/05,,Grizzly,crushed,7,1,1,NA,0,NA,9,1,,11,,,,,,
09/05,,Grizzly,1cm_hole,8,0,0,NA,1,NA,9,1,,11,,,,,,
09/05,,NA,crushed,1,0,0,NA,1,NA,9,1,,11,,,,,,
09/05,,NA,control,2,1,1,NA,0,NA,9,1,,11,,,,,,
09/05,,NA,1cm_hole,3,0,0,NA,1,NA,9,1,,11,,,,,,
09/05,,NA,control,4,1,1,NA,0,NA,9,1,,11,,,,,,
09/05,,NA,control,5,1,1,NA,0,NA,9,1,,11,,,,,,
09/05,,NA,1cm_hole,6,1,0,NA,1,NA,9,1,,11,,,,,,
09/05,,NA,crushed,7,0,0,NA,1,NA,9,1,,11,,,,,,
09/05,,NA,1cm_hole,8,0,0,NA,1,NA,9,1,,11,,,,,,
12/05,,Sidemark,control,1,0,1,NA,0,NA,10,1,,12,,,,,,
12/05,,Sidemark,2cm_hole,2,1,0,NA,1,NA,10,1,,12,,,,,,
12/05,,Sidemark,crushed,3,0,1,NA,0,NA,10,1,,12,,,,,,
12/05,,Sidemark,2cm_hole,4,1,0,NA,1,NA,10,1,,12,,,,,,
12/05,,Sidemark,crushed,5,0,1,NA,0,NA,10,1,,12,,,,,,
12/05,,Sidemark,control,6,0,1,NA,0,NA,10,1,,12,,,,,,
12/05,,Sidemark,2cm_hole,7,0,0,NA,1,NA,10,1,,12,,,,,,
12/05,,Sidemark,control,8,0,1,NA,0,NA,10,1,,12,,,,,,
12/05,,Sidemark,crushed,9,0,0,NA,1,NA,10,1,,12,,,,,,
12/05,,Sidemark,crushed,10,0,0,NA,1,NA,10,1,,12,,,,,,
12/05,,Sidemark,crushed,1,0,0,NA,1,NA,10,2,,12,,,,,,
12/05,,Sidemark,control,2,0,1,NA,0,NA,10,2,,12,,,,,,
12/05,,Sidemark,2cm_hole,3,1,0,NA,1,NA,10,2,,12,,,,,,
12/05,,Sidemark,crushed,4,1,1,NA,0,NA,10,2,,12,,,,,,
12/05,,Sidemark,2cm_hole,5,0,0,NA,1,NA,10,2,,12,,,,,,
12/05,,Sidemark,control,6,1,1,NA,0,NA,10,2,,12,,,,,,
12/05,,Sidemark,crushed,7,0,1,NA,0,NA,10,2,,12,,,,,,
12/05,,Sidemark,2cm_hole,8,0,1,NA,0,NA,10,2,,12,,,,,,
12/05,,Sidemark,control,9,1,0,NA,1,NA,10,2,,12,,,,,,
12/05,,Sidemark,control,1,0,1,NA,0,NA,10,3,,12,,,,,,
12/05,,Sidemark,2cm_hole,2,1,0,NA,1,NA,10,3,,12,,,,,,
12/05,,Sidemark,2cm_hole,3,1,1,NA,0,NA,10,3,,12,,,,,,
12/05,,Sidemark,crushed,4,0,1,NA,0,NA,10,3,,12,,,,,,
12/05,,Sidemark,crushed,5,0,1,NA,0,NA,10,3,,12,,,,,,
12/05,,Sidemark,crushed,6,0,1,NA,0,NA,10,3,,12,,,,,,
12/05,,Sidemark,control,7,0,1,NA,0,NA,10,3,,12,,,,,,
12/05,,Sidemark,control,8,0,1,NA,0,NA,10,3,,12,,,,,,
12/05,,Sidemark,2cm_hole,9,0,1,NA,0,NA,10,3,,12,,,,,,
12/05,,Sidemark,crushed,1,0,1,NA,0,NA,10,4,,12,,,,,,
12/05,,Sidemark,crushed,2,0,1,NA,0,NA,10,4,,12,,,,,,
12/05,,Sidemark,2cm_hole,3,0,1,NA,0,NA,10,4,,12,,,,,,
12/05,,Sidemark,control,4,0,1,NA,0,NA,10,4,,12,,,,,,
12/05,,Sidemark,2cm_hole,5,0,0,NA,1,NA,10,4,,12,,,,,,
12/05,,Sidemark,control,6,0,1,NA,0,NA,10,4,,12,,,,,,
12/05,,Sidemark,2cm_hole,7,0,1,NA,0,NA,10,4,,12,,,,,,
12/05,,Sidemark,crushed,8,0,1,NA,0,NA,10,4,,12,,,,,,
12/05,,Sidemark,control,9,0,1,NA,0,NA,10,4,,12,,,,,,
15/05,,White dot,control,1,1,1,NA,0,5,11,1,,13,,,,,,
15/05,,White dot,crushed,2,0,1,NA,0,5,11,1,,13,,,,,,
15/05,,White dot,2cm_hole,3,0,0,NA,1,5,11,1,,13,,,,,,
15/05,,White dot,crushed,4,0,0,NA,1,5,11,1,,13,,,,,,
15/05,,White dot,control,5,0,1,NA,0,5,11,1,,13,,,,,,
15/05,,White dot,2cm_hole,6,1,0,NA,1,5,11,1,,13,,,,,,
15/05,,White dot,2cm_hole,7,1,0,NA,1,5,11,1,,13,,,,,,
15/05,,White dot,control,8,1,1,NA,0,5,11,1,,13,,,,,,
15/05,,White dot,crushed,9,0,0,NA,1,5,11,1,,13,,,,,,
15/05,,White dot,crushed,1,0,1,NA,0,4,11,2,,13,,,,,,
15/05,,White dot,control,2,1,1,NA,0,4,11,2,,13,,,,,,
15/05,,White dot,crushed,3,1,1,NA,0,4,11,2,,13,,,,,,
15/05,,White dot,2cm_hole,4,0,0,NA,1,4,11,2,,13,,,,,,
15/05,,White dot,control,5,0,1,NA,0,4,11,2,,13,,,,,,
15/05,,White dot,2cm_hole,6,0,0,NA,1,4,11,2,,13,,,,,,
15/05,,White dot,crushed,7,0,1,NA,0,4,11,2,,13,,,,,,
15/05,,White dot,2cm_hole,8,0,0,NA,1,4,11,2,,13,,,,,,
15/05,,White dot,crushed,9,0,1,NA,0,4,11,2,,13,,,,,,