Date,Time,video_title,ID,type,order_taken,sniffing,rotation,scatter-hoard,eaten,jaw-movement,nb tour horizontal,nb tour vertical,timing (s),teeth-hole contact,Comments,N_congeners_around,temperature,humidity (percent),Session,Arena,Block,,assess,jaws,rots
5-Dec,17:16,Boi_1205_1_seven,Boiteux,"0,7",1,1,1,1,0,5,1,0,6,NA,,,,,1,0,,,5.27,7,4
5-Dec,17:21,Boi_1205_2_three,Boiteux,"0,3",2,0,1,1,0,4,0,"0,5","3,5",0,,,,,1,0,,,4.37,10,5
5-Dec,17:24,Boi_1205_3_five,Boiteux,"0,5",3,1,1,1,0,9,1,1,"14,5",NA,very long rotation,,,,1,0,,,14.13,36,10
5-Dec,17:31,Boi_1205_4_one,Boiteux,1,4,0,1,0,1,2,0,0,NA,NA,,,,,1,0,,,1.3,2,1
5-Dec,17:33,Boi_1205_5_five,Boiteux,"0,5",5,1,1,0,1,8,1,0,11,1,,,,,1,0,,,11.83,27,1
5-Dec,17:35,Boi_1205_6_three,Boiteux,"0,3",6,0,1,1,0,1,"0,5",0,1,0,very short rotation,,,,1,0,,,2.1,5,2
5-Dec,17:36,Boi_1205_7_one,Boiteux,1,7,0,0,0,1,1,0,0,1,1,,,,,1,0,,,1.33,2,1
5-Dec,17:38,Boi_1205_8_five,Boiteux,"0,5",8,2,1,1,0,7,0,1,"7,5",0,,,,,1,0,,,7.3,15,7
5-Dec,17:41,Boi_1205_9_seven,Boiteux,"0,7",9,0,1,0,1,1,0,0,1,NA,,,,,1,0,,,2.47,2,0
5-Dec,17:42,Boi_1205_10_three,Boiteux,"0,3",10,1,1,0,1,6,1,"0,5",5,NA,freeze because one congener stares at him very closely,1,,,1,0,,,4.17,11,4
5-Dec,17:43,Boi_1205_11_five,Boiteux,"0,5",11,0,0,0,1,0,0,0,NA,NA,,,,,1,0,,,,,
5-Dec,17:43,Boi_1205_12_control,Boiteux,control,12,0,0,0,1,3,0,"0,5","3,5",NA,,,,,1,0,,,3.3,6,1
5-Dec,17:45,Boi_1205_13_control,Boiteux,control,13,1,0,1,0,4,0,0,"1,5",NA,,,,,1,0,,,1.93,5,1
5-Dec,17:51,,Sidemark,control,1,1,1,1,0,1,0,"0,5",2,NA,,,,,1,0,,,2.1,4,1
5-Dec,17:52,,Sidemark,"0,5",2,0,0,1,0,0,NA,NA,NA,NA,,,,,1,0,,,,,
5-Dec,17:53,,Sidemark,1,3,0,0,1,0,0,NA,NA,NA,0,,,,,1,0,,,,,
5-Dec,17:54,,Sidemark,1,4,0,0,1,0,0,NA,NA,NA,0,,,,,1,0,,,,,
5-Dec,17:56,,Sidemark,"0,3",5,1,1,0,1,2,0,1,"4,5",NA,bothered by congener,1,,,1,0,,,3.6,9,4
5-Dec,17:57,,Sidemark,"0,7",6,0,NA,0,1,NA,NA,NA,NA,NA,behind bush i guess,,,,1,0,,,,,
5-Dec,17:58,,Sidemark,"0,3",7,0,0,1,0,0,NA,NA,NA,NA,,,,,1,0,,,,,
5-Dec,17:59,,Sidemark,"0,5",8,0,0,1,0,0,NA,NA,NA,NA,,,,,1,0,,,,,
5-Dec,18:02,,Sidemark,1,9,0,0,1,0,0,NA,NA,NA,NA,,,,,1,0,,,,,
5-Dec,18:03,,Sidemark,"1,5",10,0,0,1,0,0,NA,NA,NA,NA,,,,,1,0,,,,,
5-Dec,18:04,,Sidemark,"1,5",11,0,0,1,0,0,NA,NA,NA,NA,,,,,1,0,,,,,
5-Dec,18:04,,Sidemark,"0,3",12,0,0,1,0,0,NA,NA,NA,NA,,,,,1,0,,,,,
5-Dec,18:17,,Sidemark,"0,7",13,0,0,1,0,0,NA,NA,NA,NA,,,,,1,0,,,,,
5-Dec,18:19,,Sidemark,"0,5",14,0,0,1,0,0,NA,NA,NA,NA,,,,,1,0,,,,,
5-Dec,18:20,,Sidemark,"0,3",15,0,0,1,0,0,NA,NA,NA,NA,,,,,1,0,,,,,
5-Dec,18:21,,Sidemark,"0,5",16,0,0,1,0,0,NA,NA,NA,NA,,,,,1,0,,,,,
13/05,7:45,,Pepper,control,1,NA,NA,1,0,NA,NA,NA,NA,NA,,,,,2,0,,,,,
13/05,7:46,,Pepper,control,2,NA,NA,1,0,NA,NA,NA,NA,NA,,,,,2,0,,,,,
13/05,7:47,,Pepper,control,3,NA,NA,1,0,NA,NA,NA,NA,NA,,,,,2,0,,,,,
13/05,7:49,,Pepper,"0,5",4,0,1,1,0,2,0,0,2,0,,,,,2,0,,,1.23,4,0
13/05,7:50,,Pepper,"0,7",5,0,1,0,1,5,0,"0,5","1,3",1,,,,,2,0,,,1.37,4,2
13/05,7:50,,Pepper,"0,3",6,1,1,1,0,3,0,0,"1,2",0,,,,,2,0,,,1.03,2,0
13/05,7:54,,Pepper,1,7,0,0,0,1,6,"1,5",0,"2,3",1,,,,,2,0,,,2.39,4,0
13/05,7:54,,Pepper,"0,5",8,0,0,1,0,1,0,0,"0,8",0,,,,,2,0,,,0.63,2,0
13/05,7:55,,Pepper,"0,3",9,0,1,0,1,4,1,0,2,1,if you zoom a looooot I think tooth touches hole !!,,,,2,0,,,1.22,0,2
13/05,7:56,,Pepper,"0,3",10,1,1,1,0,3,"0,5",0,2,0,,,,,2,0,,,1.67,4,0
13/05,7:57,,Pepper,"0,3",11,0,1,0,1,5,"0,75",0,2,0,,,,,2,0,,,1.57,5,1
13/05,7:57,,Pepper,"0,5",12,0,1,1,0,2,"0,5",0,1,0,,,,,2,0,,,0.73,2,0
13/05,7:59,,Pepper,control,13,0,1,1,0,NA,NA,NA,2,NA,,,,,2,0,,,,,
13/05,8:01,,Pepper,control,14,0,1,1,0,NA,NA,NA,2,NA,,,,,2,0,,,,,
13/05,8:01,,Pepper,"0,7",15,0,1,0,1,3,"0,75",0,"3,5",1,if you zoom a looooot tooth touches hole!!,,,,2,0,,,2.99,4,2
13/05,8:02,,Pepper,"0,7",16,0,0,1,0,3,0,0,1,0,,,,,2,0,,,0.93,4,1
13/05,8:10,,Houdi,control,1,0,1,1,0,NA,NA,NA,NA,NA,not on video,,,,2,0,,,,,
13/05,8:10,,Houdi,control,2,0,1,1,0,NA,NA,NA,NA,NA,not on video,,,,2,0,,,,,
13/05,8:11,,Houdi,"0,7",3,0,0,0,1,1,0,0,1,NA,,,,,2,0,,,,,
13/05,8:11,,Houdi,"0,3",4,2,1,0,1,6,"1,5",1,7,1,"essayes de regarder mieux s'il touche le trou avec ses dents ou non, on voit le trou sur la video !!!!",,,,2,0,,,,,
13/05,8:12,,Houdi,"0,5",5,0,0,1,0,NA,NA,NA,NA,0,,,,,2,0,,,,,
13/05,8:52,,Sidemark,control,1,NA,NA,1,0,NA,NA,NA,NA,NA,,,,,2,0,,,,,
13/05,8:52,,Sidemark,control,2,NA,NA,1,0,NA,NA,NA,NA,NA,,,,,2,0,,,,,
13/05,8:52,,Sidemark,"0,7",3,0,NA,0,1,0,NA,NA,NA,NA,behind bush,,,,2,0,,,2.1,0,0
13/05,8:53,,Sidemark,control,4,0,NA,0,1,0,NA,NA,NA,NA,,,,,2,0,,,1.8,3,1
13/05,8:54,,Sidemark,"0,3",5,0,1,1,0,2,"0,25",0,2,0,,,,,2,0,,,1.5,3,1
13/05,8:55,,Sidemark,"0,3",6,0,0,1,0,0,NA,NA,NA,0,,,,,2,0,,,,,
13/05,8:58,,Sidemark,"0,5",7,0,0,1,0,2,0,0,"1,5",0,,,,,2,0,,,0.93,2,0
13/05,8:59,,Sidemark,control,8,0,1,1,0,0,NA,NA,NA,NA,,,,,2,0,,,,,
13/05,8:59,,Sidemark,1,9,0,0,1,0,0,NA,NA,NA,NA,,,,,2,0,,,,,
13/05,9:02,,Sidemark,"0,7",10,0,0,1,0,0,NA,NA,NA,0,GOOD EX OF NO ROTATION BUT HOLE IS FAR FROM MOUTH --> SH,,,,2,0,,,,,
13/05,9:04,,Sidemark,"0,3",11,1,1,1,0,2,"0,25",0,1,0,very short manip,,,,2,0,,,0.83,2,0
13/05,9:06,,Sidemark,"1,5",12,0,0,1,0,NA,NA,NA,NA,NA,,,,,2,0,,,,,
13/05,9:08,,Sidemark,1,13,0,0,1,0,NA,NA,NA,NA,0,,,,,2,0,,,,,
13/05,9:09,,Sidemark,"1,5",14,0,1,1,0,3,"0,25",0,"1,5",NA,,,,,,0,,,1.1,1,0
13/05,9:10,,Sidemark,"0,3",15,0,0,1,0,0,NA,NA,NA,0,,,,,2,0,,,,,
13/05,9:11,,Sidemark,"0,5",16,0,0,1,0,0,NA,NA,NA,0,,,,,2,0,,,,,
13/05,9:14,,Sidemark,"0,3",17,0,0,1,0,0,NA,NA,NA,0,agonistic interaction,,,,2,0,,,,,
13/05,9:16,,Sidemark,"0,7",18,0,1,0,1,0,NA,NA,NA,NA,start Sh but then rotates and eat,,Not on video,,2,0,,,,,
13/05,9:17,,Sidemark,"0,5",19,0,0,1,0,0,NA,NA,NA,0,,,,,2,0,,,,,
13/05,9:18,,Sidemark,1,20,0,0,1,0,0,NA,NA,NA,NA,,,,,2,0,,,,,
13/05,8:54,,Whiteline,control,1,0,NA,1,0,NA,NA,NA,NA,NA,,,,,2,0,,,,,
13/05,8:54,,Whiteline,control,2,0,NA,1,0,NA,NA,NA,NA,NA,,,,,2,0,,,,,
13/05,8:54,,Whiteline,"0,5",3,0,1,0,1,,,,,,"almost only controls in its session, is it really relevant for parametrics?",,,,2,0,,,1.6,2,0
13/05,9:04,,Whiteline,control,4,0,0,0,1,,,,,,,1,,,2,0,,,,,
13/05,9:05,,Whiteline,control,5,1,0,0,1,,,,,,,,,,2,0,,,2.53,3,2
13/05,9:07,,Whiteline,control,6,1,0,0,1,,,,,,,,,,2,0,,,1.57,3,1
13/05,17:17,,Grizzly,control,1,1,1,1,0,0,NA,NA,NA,NA,,,,,3,0,,,,,
13/05,17:18,,Grizzly,control,2,0,1,1,0,0,NA,NA,NA,NA,,,,,3,0,,,,,
13/05,17:19,,Grizzly,"0,5",3,1,1,1,0,2,0,0,"1,8",0,,,,,3,0,,,2.5,7,3
13/05,17:21,,Grizzly,"0,3",4,0,1,1,0,1,0,0,"1,6",0,very short manip,,,,3,0,,,1.33,5,0
13/05,17:22,,Grizzly,1,5,0,0,1,0,0,NA,NA,NA,NA,,,,,3,0,,,,,
13/05,17:22,,Grizzly,"0,7",6,0,0,0,1,1,0,0,"0,3",1,,,,,3,0,,,0.47,2,2
13/05,17:23,,Grizzly,"1,5",7,1,1,0,1,1,0,0,"1,5",1,,,,,3,0,,,1.9700000000000002,2,3
13/05,17:23,,Grizzly,"0,3",8,1,0,1,0,0,NA,NA,NA,NA,,,,,3,0,,,2,3,0
13/05,17:24,,Grizzly,"0,7",9,0,1,1,0,3,0,1,5,NA,,,,,3,0,,,4.6,13,4
13/05,17:25,,Grizzly,2,10,0,0,0,1,0,NA,NA,NA,NA,,,,,3,0,,,0.57,3,1
13/05,17:26,,Grizzly,"0,3",11,0,1,1,0,1,0,0,"1,8",0,,,,,3,0,,,1.47,2,0
13/05,17:27,,Grizzly,"0,3",12,0,1,1,0,1,0,1,2,0,,,,,3,0,,,2.13,3,3
13/05,17:28,,Grizzly,1,13,0,1,1,0,1,0,0,"1,7",0,,,,,3,0,,,1.3,3,0
13/05,17:29,,Grizzly,"0,5",14,0,1,1,0,4,1,2,6,0,,,,,3,0,,,6.37,13,11
13/05,17:31,,Grizzly,"1,5",15,0,1,0,1,1,0,0,1,1,,,,,3,0,,,2.07,3,5
13/05,17:31,,Grizzly,"0,7",16,0,0,1,0,0,NA,NA,NA,NA,,,,,3,0,,,,,
13/05,17:32,,Grizzly,"0,3",16,0,NA,1,0,NA,NA,NA,NA,NA,,,,,3,0,,,,,
13/05,17:32,,Grizzly,2,18,0,0,0,1,0,NA,NA,NA,NA,,,,,3,0,,,1,2,0
13/05,17:33,,Grizzly,1,19,0,0,0,1,0,NA,NA,NA,NA,,,,,3,0,,,,,
13/05,17:33,,Grizzly,"0,7",20,0,0,1,0,1,0,0,1,0,,,,,3,0,,,0.9,2,1
13/05,17:34,,Grizzly,"0,7",21,0,0,1,0,0,NA,NA,NA,NA,,,,,3,0,,,,,
13/05,17:38,,Grizzly,"0,5",22,0,0,1,0,1,0,0,5,0,,,,,3,0,,,4.97,4,2
13/05,17:39,,Grizzly,1,23,1,1,1,0,2,0,1,"3,5",0,,,,,3,0,,,3.73,7,4
13/05,17:44,,Grizzly,"0,3",24,0,1,1,0,2,1,0,8,0,,,,,3,0,,,7.6,7,2
13/05,17:46,,Grizzly,"1,5",25,0,0,1,0,1,0,0,4,0,,,,,3,0,,,4,4,0
13/05,17:47,,Grizzly,"0,5",26,0,0,1,0,0,NA,NA,NA,NA,,,,,3,0,,,,,
13/05,17:48,,Grizzly,"0,7",27,0,0,1,0,0,NA,NA,NA,NA,,,,,3,0,,,,,
13/05,17:49,,Grizzly,"0,7",28,0,1,1,0,1,0,"0,5","2,5",0,,,,,3,0,,,1.67,4,3
13/05,17:51,,Grizzly,2,29,0,0,0,1,2,0,0,"1,5",1,,,,,3,0,,,1.53,0,2
13/05,17:52,,Grizzly,"1,5",30,0,1,0,1,2,1,0,3,1,GREAT VIDEO of teeth reaching hole then eat,,,,3,0,,,2.74,3,2
13/05,17:52,,Grizzly,"0,7",31,0,1,0,0,1,0,"0,5",3,0,,,,,3,0,,,2.4,4,4
13/05,17:54,,Grizzly,1,32,0,0,1,0,0,NA,NA,NA,0,,,,,3,0,,,,,
13/05,17:54,,Grizzly,"0,3",33,0,0,1,0,0,NA,NA,NA,0,,,,,3,0,,,,,
13/05,17:55,,Grizzly,1,34,0,0,1,0,0,NA,NA,NA,0,,,,,3,0,,,,,
13/05,17:56,,Grizzly,"1,5",35,0,0,1,0,0,NA,NA,NA,0,,,,,3,0,,,,,
13/05,17:58,,Grizzly,2,36,0,1,1,0,1,0,"0,5",4,0,LICKING!,,,,3,0,,,3.33,4,3
13/05,18:00,,Grizzly,"1,5",37,0,1,1,0,1,0,1,"3,5",NA,LICKING!,,,,3,0,,,2.9,6,2
13/05,18:01,,Grizzly,2,38,0,0,1,0,0,NA,NA,NA,0,,,,,3,0,,,,,
13/05,18:02,,Grizzly,2,39,0,0,1,0,0,NA,NA,NA,0,,,,,3,0,,,,,
13/05,18:03,,Grizzly,"0,5",40,0,1,1,0,1,0,"0,5","5,5",0,,,,,3,0,,,4.93,3,3
13/05,18:04,,Grizzly,"0,3",41,0,0,1,0,0,NA,NA,NA,0,,,,,3,0,,,,,
13/05,18:09,,Grizzly,"0,3",42,0,0,1,0,0,NA,NA,NA,0,,,,,3,0,,,,,
13/05,18:10,,Grizzly,1,43,0,0,1,0,0,NA,NA,NA,0,,,,,3,0,,,,,
14/05,7:56,,Whiteline,control,1,NA,NA,1,0,NA,NA,NA,NA,NA,,,,,4,0,,,,,
14/05,7:56,,Whiteline,control,2,NA,NA,1,0,NA,NA,NA,NA,NA,,,,,4,0,,,,,
14/05,7:56,,Whiteline,"0,5",3,1,0,0,1,1,0,0,3,NA,,,,,4,0,,,2.27,2,0
14/05,7:57,,Whiteline,control,4,0,0,1,0,0,NA,NA,NA,NA,,,,,4,0,,,,,
14/05,7:59,,Whiteline,"0,5",5,0,1,1,0,0,0,1,"2,5",0,,,,,4,0,,,1.7,3,1
14/05,8:01,,Whiteline,"0,7",6,0,0,1,0,0,NA,NA,NA,0,,,,,4,0,,,,,
14/05,8:02,,Whiteline,1,7,1,1,0,1,4,1,1,"5,5",1,,,,,4,0,,,5.17,9,2
14/05,8:06,,Whiteline,"1,5",8,0,1,0,1,1,1,0,NA,1,,,,,4,0,,,1.33,2,1
14/05,8:10,,Whiteline,"0,3",10,0,1,0,1,5,1,0,4,1,,,,,4,0,,,3.5,3,1
14/05,8:11,,Whiteline,"1,5",11,0,0,0,1,1,0,0,"1,5",1,,,,,4,0,,,0.64,1,0
14/05,8:15,,Whiteline,2,12,0,0,0,1,1,0,0,"0,5",1,,,,,4,0,,,1.4,3,0
14/05,8:16,,Whiteline,1,13,0,0,1,0,0,NA,NA,NA,0,,,,,4,0,,,,,
14/05,8:18,,Whiteline,1,14,0,0,1,0,0,NA,NA,NA,0,,,,,4,0,,,,,
14/05,8:20,,Whiteline,"1,5",15,0,0,1,0,0,NA,NA,NA,0,,,,,4,0,,,,,
14/05,8:23,,Whiteline,"0,7",16,0,0,1,0,0,NA,NA,NA,0,,,,,4,0,,,,,
14/05,8:34,,Whiteline,"1,5",17,0,0,1,0,2,0,0,3,0,,,,,4,0,,,1.73,2,0
14/05,8:39,,Whiteline,"1,5",18,0,0,1,0,0,NA,NA,NA,0,,,,,4,0,,,1.33,4,0
14/05,7:59,,Babygriz,"0,3",1,0,1,1,0,4,1,0,3,0,,,,,4,0,,,2.29,7,1
14/05,8:01,,Babygriz,"0,7",2,1,1,1,0,4,1,0,3,0,,,,,4,0,,,3.7,9,1
14/05,8:04,,Babygriz,"0,5",3,0,1,1,0,2,1,0,1,0,,,,,4,0,,,1.37,3,1
14/05,8:14,,Babygriz,"0,5",4,0,0,1,0,0,NA,NA,NA,0,,,,,4,0,,,,,
14/05,8:21,,Babygriz,"0,7",5,0,1,0,1,1,0,1,3,1,,,,,4,0,,,2.79,7,1
14/05,8:23,,Babygriz,"0,7",6,NA,NA,0,1,NA,NA,NA,NA,NA,,,,,4,0,,,0.58,2,0
14/05,8:24,,Babygriz,"0,7",7,0,0,1,0,2,0,0,"1,5",0,,,,,4,0,,,4.67,2,0
14/05,8:28,,Babygriz,2,8,0,0,1,0,2,0,0,"1,5",0,,,,,4,0,,,2.4,6,1
14/05,8:29,,Babygriz,1,9,0,1,1,0,2,0,"0,5",2,0,,,,,4,0,,,1.33,4,1
14/05,8:30,,Babygriz,"0,7",10,0,1,0,1,11,1,0,6,1,GREAT VIDEO EXEMPLE,,,,4,0,,,5.7,11,3
14/05,8:31,,Babygriz,"0,3",11,0,0,1,0,2,0,0,1,0,,,,,4,0,,,1.03,3,0
14/05,8:32,,Babygriz,"0,3",12,0,0,1,0,2,0,0,NA,0,,,,,4,0,,,,,
14/05,8:34,,Babygriz,"0,5",13,0,0,1,0,3,0,0,2,0,,,,,4,0,,,1.67,2,0
14/05,8:35,,Babygriz,2,14,0,1,1,0,3,0,0,"2,5",1,"huge hole, tooth inside but still SH wtf",,,,4,0,,,2,2,1
14/05,8:36,,Babygriz,"1,5",15,0,1,1,0,5,0,"0,5",5,NA,,,,,4,0,,,4.5,5,1
14/05,8:43,,Babygriz,"0,7",16,0,1,1,0,2,0,0,2,0,,,,,4,0,,,1.17,4,0
14/05,8:44,,Babygriz,"0,7",17,0,1,1,0,4,0,0,3,0,,,,,4,0,,,2.4699999999999998,7,1
14/05,8:00,,Grizzly,control,1,NA,NA,1,0,NA,NA,NA,NA,NA,,,,,4,0,,,,,
14/05,8:00,,Grizzly,control,2,NA,NA,1,0,NA,NA,NA,NA,NA,,,,,4,0,,,,,
14/05,8:00,,Grizzly,control,3,0,0,1,0,0,NA,NA,NA,NA,,,,,4,0,,,,,
14/05,8:01,,Grizzly,"0,7",4,0,0,1,0,0,NA,NA,NA,0,,,,,4,0,,,,,
14/05,8:03,,Grizzly,1,5,0,0,1,0,0,NA,NA,NA,0,,,,,4,0,,,,,
14/05,8:04,,Grizzly,1,6,0,0,1,0,0,NA,NA,NA,0,,,,,4,0,,,,,
14/05,8:05,,Grizzly,1,7,0,1,0,1,4,0,1,"5,5",1,,,,,4,0,,,,,
14/05,8:05,,Grizzly,"0,3",8,0,0,1,0,1,0,0,1,0,,,,,4,0,,,,,
14/05,8:07,,Grizzly,"0,7",9,0,0,0,1,1,0,0,"1,7",1,,,,,4,0,,,,,
14/05,8:08,,Grizzly,"0,5",10,0,0,1,0,4,0,0,"2,4",0,,,,,4,0,,,,,
14/05,8:12,,Grizzly,1,11,0,0,1,0,0,NA,NA,NA,0,,,,,4,0,,,,,
14/05,8:13,,Grizzly,"1,5",12,0,0,0,1,1,0,0,"1,5",1,,,,,4,0,,,,,
14/05,8:14,,Grizzly,"0,7",14,0,1,0,1,3,0,"1,5","8,2",1,NICE CLOSE-UP,,,,4,0,,,,,
14/05,8:17,,Grizzly,"0,5",15,0,0,0,1,1,0,0,"0,5",1,,,,,4,0,,,,,
14/05,8:17,,Grizzly,"0,3",16,0,0,0,1,0,0,0,NA,0,,1,,,4,0,,,,,
14/05,8:18,,Grizzly,"0,3",17,0,0,1,0,0,0,0,NA,0,,,,,4,0,,,,,
14/05,8:20,,Grizzly,1,18,0,0,0,1,1,0,0,"0,5",1,,,,,4,0,,,,,
14/05,8:20,,Grizzly,"0,5",19,0,0,0,1,0,0,0,NA,NA,,,,,4,0,,,,,
14/05,8:21,,Grizzly,2,20,0,0,0,1,1,0,0,"0,5",1,,,,,4,0,,,,,
14/05,8:21,,Grizzly,"0,7",22,0,0,0,1,1,0,0,NA,NA,,,,,4,0,,,,,
14/05,8:22,,Grizzly,control,23,0,0,0,1,0,0,0,NA,NA,,,,,4,0,,,,,
14/05,8:24,,Grizzly,"0,3",24,0,1,1,0,5,1,2,"6,3",0,,,,,4,0,,,,,
14/05,8:31,,Grizzly,1,25,0,1,0,1,1,0,1,"2,3",1,actually peeled and SH the nut itself,,,,4,0,,,,,
14/05,8:40,,Grizzly,1,28,0,1,0,1,2,0,1,"3,8",1,,,,,4,0,,,,,
14/05,8:40,,Grizzly,"0,3",29,0,0,1,0,0,0,0,NA,0,,,,,4,0,,,,,
14/05,17:15,,Destroy,control,1,NA,NA,1,0,NA,NA,NA,NA,NA,,,,,5,0,,,,,
14/05,17:15,,Destroy,control,2,NA,NA,1,0,NA,NA,NA,NA,NA,,,,,5,0,,,,,
14/05,17:15,,Destroy,"0,3",3,0,0,1,0,0,NA,NA,NA,0,,,,,5,0,,,,,
14/05,17:17,,Destroy,"0,7",4,0,1,1,0,0,0,1,1,NA,de dos,1,,,5,0,,,0.93,2,1
14/05,17:19,,Destroy,"0,5",5,0,0,0,1,0,0,0,0,1,,1,,,5,0,,,0.37,1,0
14/05,17:27,,Destroy,"0,7",6,0,0,0,1,0,0,0,NA,NA,,1,,,5,0,,,1.13,3,0
14/05,17:27,,Destroy,2,7,0,0,0,1,0,NA,NA,NA,1,,1,,,5,0,,,1,2,0
14/05,17:29,,Destroy,"0,5",8,0,0,1,0,0,NA,NA,NA,0,,0,,,5,0,,,0,0,0
14/05,17:30,,Destroy,2,9,0,0,0,1,0,NA,NA,NA,1,,,,,5,0,,,0.63,2,1
14/05,17:31,,Destroy,"0,3",10,0,0,1,0,2,0,0,"2,3",0,,,,,5,0,,,1.37,4,0
14/05,17:32,,Destroy,1,11,0,0,1,0,0,NA,NA,NA,NA,,,,,5,0,,,5.5,10,1
14/05,17:33,,Destroy,2,12,0,0,0,1,6,"0,5",0,"6,5",1,,,,,5,0,,,0.57,2,0
14/05,17:35,,Destroy,"0,5",13,0,0,1,0,1,0,0,1,NA,,,,,5,0,,,,,
14/05,17:40,,Destroy,"1,5",14,0,0,1,0,0,0,0,NA,0,,,,,5,0,,,4.27,9,2
14/05,17:53,,Destroy,"0,7",15,0,1,0,1,5,0,1,5,1,,,,,5,0,,,3.4,6,2
14/05,17:54,,Destroy,"0,3",16,1,1,0,1,5,2,0,"3,5",NA,did he touch the hole?,,,,5,0,,,1.03,2,0
14/05,17:55,,Destroy,"0,3",17,0,0,1,0,2,0,0,"1,5",0,,,,,5,0,,,1.17,2,0
14/05,17:57,,Destroy,2,18,0,0,0,0,2,0,0,"2,5",1,,,,,5,0,,,,,
14/05,17:58,,Destroy,"0,5",19,0,0,1,0,0,NA,NA,NA,NA,,,,,5,0,,,,,
14/05,17:59,,Destroy,1,20,0,0,1,0,0,NA,NA,NA,NA,,,,,5,0,,,,,
14/05,18:02,,Destroy,"0,5",21,0,0,1,0,0,NA,NA,NA,NA,,,,,5,0,,,,,
14/05,18:04,,Destroy,"0,7",22,0,0,1,0,1,NA,NA,NA,NA,,,,,5,0,,,,,
14/05,18:06,,Destroy,2,23,0,1,0,1,1,"0,5",0,2,1,,,,,5,0,,,0.47,2,0
14/05,18:06,,Destroy,"0,3",24,NA,NA,0,1,NA,NA,NA,NA,NA,de dos,,,,5,0,,,1.8,2,1
14/05,17:16,,Whiteline,control,1,NA,NA,1,0,NA,NA,NA,NA,NA,,,,,5,0,,,,,
14/05,17:16,,Whiteline,"0,5",2,0,0,1,0,0,NA,NA,NA,NA,,,,,5,0,,,2.27,2,0
14/05,17:17,,Whiteline,1,3,0,1,0,1,0,1,0,"1,5",1,COOL VIDEO OF ROTATION THEN EAT WHEN TOOTH IN HOLE,,,,5,0,,,1.7,3,1
14/05,17:18,,Whiteline,control,4,0,NA,0,1,0,NA,NA,4,NA,de dos,,,,5,0,,,,,
14/05,17:18,,Whiteline,"0,3",5,0,0,0,1,4,0,0,"4,5",,"not clear, to double check for the teeth-hole contact",,,,5,0,,,5.17,9,2
14/05,17:28,,Whiteline,1,6,0,0,0,1,1,"0,25",0,"0,5",NA,,,,,5,0,,,,,
14/05,17:30,,Whiteline,2,7,0,1,0,1,0,1,0,2,1,,,,,5,0,,,1.33,2,1
14/05,17:34,,Whiteline,"1,5",8,0,1,0,1,0,"0,5",0,"1,5",NA,,,,,5,0,,,3.5,3,1
14/05,17:34,,Whiteline,"0,5",9,1,1,1,0,7,,1,"10,5",0,met ses dents sur tous les cotes good boy,,,,5,0,,,,,
14/05,17:37,,Whiteline,1,10,0,1,0,1,2,0.5,1,"3,5",1,,,,,5,0,,,,,
14/05,17:39,,Whiteline,2,11,0,0,0,1,0,NA,NA,NA,1,,,,,5,0,,,0.64,1,0
14/05,17:41,,Whiteline,"0,3",12,0,0,0,1,0,NA,NA,NA,NA,,,,,5,0,,,1.4,3,0
14/05,17:42,,Whiteline,"0,5",13,3,1,0,1,3,1,0,"2,5",NA,,,,,5,0,,,1.73,2,0
14/05,17:20,,Grizzly,"0,5",1,1,1,1,0,3,0.5,1,"3,5",0,,,,,5,0,,,1.33,4,0
14/05,17:21,,Grizzly,control,2,NA,1,1,0,0,NA,NA,1,NA,,,,,5,0,,,,,
14/05,17:22,,Grizzly,1,3,0,0,0,1,0,NA,NA,NA,1,,,,,5,0,,,,11,0
14/05,17:22,,Grizzly,1,4,0,1,1,0,2,0,1,2,0,,,,,5,0,,,,3,3
14/05,17:24,,Grizzly,2,5,NA,0,1,0,0,NA,NA,NA,NA,,,,,5,0,,,,,
14/05,17:24,,Grizzly,"0,3",6,NA,NA,1,0,0,NA,NA,NA,NA,,,,,5,0,,,,,
14/05,17:25,,Grizzly,"1,5",7,0,0,1,0,0,NA,NA,NA,0,,,,,5,0,,,,,
14/05,17:25,,Grizzly,2,8,0,0,0,1,2,NA,NA,1,1,,,,,5,0,,,,4,0
14/05,17:25,,Grizzly,"0,7",9,0,0,1,0,1,NA,NA,NA,0,runs after congener,,,,5,0,,,3.03,3,0
14/05,17:26,,Grizzly,"1,5",10,0,0,0,1,0,NA,NA,NA,1,,,,,5,0,,,0.63,0,1
14/05,17:27,,Grizzly,"1,5",11,0,0,0,1,0,NA,NA,NA,0,,,,,5,0,,,0.9,3,1
14/05,17:27,,Grizzly,1,12,0,0,0,1,0,NA,NA,NA,1,,,,,5,0,,,0.3,1,0
14/05,17:28,,Grizzly,"0,5",13,0,0,0,1,0,NA,NA,NA,NA,,,,,5,0,,,,,
14/05,17:29,,Grizzly,"0,3",14,0,0,0,1,0,NA,NA,NA,NA,,,,,5,0,,,1.73,6,0
14/05,17:30,,Grizzly,1,15,0,1,0,1,4,0,0.5,"5,2",1,,,,,5,0,,,5.07,8,5
14/05,17:33,,Grizzly,"1,5",16,1,1,1,0,3,0,0.5,5,1,SH but teeth contact!!!?,,,,5,0,,,4.77,5,4
14/05,17:38,,Grizzly,1,17,1,1,1,0,5,0.5,2,5,NA,,,,,5,0,,,5.03,10,3
14/05,17:40,,Grizzly,1,18,1,1,1,0,1,1,0,"2,2",0,,,,,5,0,,,2.47,3,2
14/05,17:41,,Grizzly,"0,3",19,0,0,1,0,0,NA,NA,NA,0,,,,,5,0,,,,,
14/05,17:44,,Grizzly,"0,7",20,0,1,1,0,3,0,1,"1,3",0,cool video of rotation but no teeth contact->SH,,,,5,0,,,,,
14/05,17:50:00,,Grizzly,"1,5",21,1,0,1,0,1,NA,NA,"1,5",NA,,,,,5,0,,,1.63,2,0
14/05,17:52,,Grizzly,1,22,0,1,0,1,2,0.5,0.5,4,1,COOL VIDEO OF ROTATION THEN EAT WHEN TOOTH IN HOLE,,,,5,0,,,11.27,4,5
14/05,17:53,,Grizzly,"0,3",23,0,1,1,0,2,0,0.5,2,0,,,,,5,0,,,,,
14/05,17:53,,Grizzly,"1,5",24,0,1,0,1,6,"1,5",0,"6,5",1,,,,,5,0,,,7.37,6,3
14/05,17:54,,Grizzly,1,25,1,1,0,1,0,"0,25",NA,1,NA,,,,,5,0,,,8.07,4,0
14/05,17:55,,Grizzly,"1,5",26,0,1,0,1,1,0.5,0,1,1,,,,,5,0,,,0.4,2,2
14/05,17:56,,Grizzly,"0,7",27,0,0,1,0,0,NA,NA,NA,0,,,,,5,0,,,,,
14/05,17:56,,Grizzly,2,28,0,1,0,1,2,"0,5",NA,"1,5",1,,,,,5,0,,,1.23,2,1
14/05,17:57,,Grizzly,"0,7",29,0,0,0,1,0,NA,NA,NA,1,,,,,5,0,,,0.7,2,0
14/05,17:58,,Grizzly,"0,3",30,0,0,0,1,1,0,0,1,NA,,,,,5,0,,,1.07,3,0
14/05,17:59,,Grizzly,"0,5",31,1,1,0,1,3,1,0,"3,5",1,,,,,5,0,,,3.17,4,2
14/05,18:00,,Grizzly,control,32,NA,NA,1,0,NA,NA,NA,NA,NA,,,,,5,0,,,,,
14/05,17:17,,Repousse,control,1,NA,NA,1,0,NA,NA,NA,NA,NA,,,,,5,0,,,,,
14/05,17:17,,Repousse,control,2,NA,NA,1,0,NA,NA,NA,NA,NA,,,,,5,0,,,,,
14/05,17:17,,Repousse,"0,5",3,1,1,0,1,5,"0,5","0,5","2,2",1,,,,,5,0,,,3.1,7,5
14/05,17:18,,Repousse,1,4,2,1,0,1,7,2,1,"3,8",1,,,,,5,0,,,2.36,3,2
14/05,17:26,,Repousse,"0,5",5,0,0,1,0,2,0,0,"1,5",0,,,,,5,0,,,1.2,3,0
14/05,17:29,,Repousse,"0,3",6,0,0,1,0,0,NA,NA,NA,0,,,,,5,0,,,0,0,0
14/05,17:55,,Repousse,"0,5",7,0,1,0,1,8,1,1,"6,5",1,,,,,5,0,,,6.4,7,6
14/05,17:56,,Repousse,"0,7",8,1,1,1,0,4,1,1,"4,5",0,,,,,5,0,,,4.06,8,5
14/05,17:24,,Babygriz,"0,7",1,1,1,0,1,10,"1,5",0,3,1,,,,,5,0,,,3.27,8,4
14/05,17:25,,Babygriz,"0,7",2,1,0,1,0,1,0,0,1,0,,,,,5,0,,,0.67,2,0
14/05,17:31,,Babygriz,"0,5",3,0,1,1,0,2,0.5,0,2,0,,,,,5,0,,,1.67,6,2
14/05,17:48,,Babygriz,"0,7",4,0,0,1,0,1,0,0,"1,5",0,,,,,5,0,,,1.46,2,0
14/05,17:49,,Babygriz,2,5,2,1,0,1,8,0.5,1,7,1,then scatter hoarding the other seed,,,,5,0,,,5.03,9,7
14/05,17:50,,Babygriz,1,6,1,1,1,0,1,"0,25",0,"1,5",0,,,,,5,0,,,0.53,2,1
14/05,17:55,,Babygriz,1,7,2,1,1,0,5,1,0,4,NA,essayer de regarder mieux s'il touche le trou avec ses dents ou non,,,,5,0,,,3.23,12,2
14/05,18:05,,Babygriz,"0,7",8,1,1,1,0,3,0,0.5,"2,5",0,,,,,5,0,,,2.07,7,2
15/05,7:39,,Whitedot,control,1,NA,NA,1,0,NA,NA,NA,NA,NA,,,,,6,0,,,,,
15/05,7:39,,Whitedot,control,2,NA,NA,1,0,NA,NA,NA,NA,NA,,,,,6,0,,,,,
15/05,7:39,,Whitedot,control,3,NA,NA,1,0,NA,NA,NA,NA,NA,,,,,6,0,,,,,
15/05,7:39,,Whitedot,"0,7",4,0,1,1,0,2,"0,5",0,"1,3",0,,,,,6,0,,,1,2,1
15/05,7:41,,Whitedot,"1,5",5,0,0,1,0,1,NA,NA,1,NA,SH shell even with seeds that had fallen down before,,,,6,0,,,,,
15/05,7:43,,Whitedot,"0,7",6,0,0,1,0,0,NA,NA,NA,0,,,,,6,0,,,,,
15/05,7:48,,Whitedot,"1,5",7,0,0,1,0,0,NA,NA,NA,NA,,,,,6,0,,,,,
15/05,7:48,,Whitedot,"0,5",8,0,0,1,0,0,NA,NA,NA,NA,,,,,6,0,,,,,
15/05,7:51,,Whitedot,2,9,0,0,1,0,0,NA,NA,NA,0,,,,,6,0,,,,,
15/05,7:52,,Whitedot,"0,7",10,0,0,1,0,0,NA,NA,NA,0,,,,,6,0,,,,,
15/05,7:56,,Whitedot,"1,5",11,0,1,0,1,6,"0,5",1,3,1,,,,,6,0,,,2.17,5,2
15/05,7:57,,Whitedot,"1,5",12,0,1,0,1,3,0,0.5,"1,5",1,,,,,6,0,,,,,
15/05,7:57,,Whitedot,1,13,0,0,1,0,0,NA,NA,NA,0,,,,,6,0,,,,,
16/06,7:54,,Lightnose,2,1,0,1,0,1,4,0.5,0,2,1,,,,,6,1,1,,1.43,2,1
16/06,7:55,,Lightnose,1,2,0,1,1,0,5,0.5,1,2.2,NA,,,,,7,1,1,,1.97,5,2
16/06,7:56,,Lightnose,"0,3",3,1,0,1,0,2,0,0,1.8,NA,,,,,7,1,1,,1.07,2,0
16/06,7:59,,Lightnose,control,4,NA,NA,1,0,0,NA,NA,NA,NA,,,,,7,1,1,,,,
16/06,8:02,,Lightnose,control,5,0,0,1,0,0,NA,NA,NA,NA,,,,,7,1,1,,,,
16/06,8:06,,Lightnose,"1,5",6,0,0,0,1,2,0,0,"1,2",0,,,,,7,1,1,,0.73,1,1
16/06,8:08,,Lightnose,2+,7,0,1,0,1,5,1,0,2.2,1,,,,,7,1,1,,1.7,4,2
16/06,8:09,,Lightnose,control,8,0,0,1,0,0,NA,NA,NA,NA,,,,,7,1,1,,,,
16/06,8:10,,Lightnose,"0,7",9,0,0,1,0,0,NA,NA,NA,0,,,,,7,1,1,,,,
16/06,8:11,,Lightnose,"0,5",10,0,0,1,0,2,0,0,"1,5",NA,,,,,7,1,2,,0.67,2,0
16/06,8:14,,Lightnose,2+,11,0,0,1,0,0,NA,NA,NA,1,,,,,7,1,2,,,,
16/06,8:15,,Lightnose,"0,5",12,0,0,1,0,0,NA,NA,NA,0,,,,,7,1,2,,,,
16/06,8:17,,Lightnose,"0,3",13,0,0,1,0,0,NA,NA,NA,0,,,,,7,1,2,,,,
16/06,8:19,,Lightnose,1,14,1,0,1,0,2,NA,NA,1,,????? 15:07:14 video go pro 2,,un avis ?,,7,1,2,,0.93,2,0
16/06,8:22,,Lightnose,control,15,0,0,1,0,0,NA,NA,NA,NA,,,,,7,1,2,,,,
16/06,8:23,,Lightnose,"1,5",16,NA,NA,0,1,NA,NA,NA,NA,1,got chased,,,,7,1,2,,,,
16/06,8:27,,Lightnose,control,17,0,0,1,0,0,NA,NA,NA,NA,,,,,7,1,2,,,,
16/06,8:33,,Lightnose,2,18,1,1,1,0,4,0,0.5,"2,2",1,wtf,,,,7,1,2,,,,
16/06,8:36,,Lightnose,"0,7",19,0,0,1,0,0,NA,NA,NA,0,,,,,7,1,2,,,,
19/06,morning,,Repousse,1,1,0,1,1,0,5,"0,5",0,2,NA,,,,,8,1,1,,1.3,3,1
19/06,morning,,Repousse,"0,3",2,2,1,1,0,13,1,1,"3,5",NA,,,,,8,1,1,,2.94,11,5
19/06,morning,,Repousse,"0,7",3,2,1,0,1,5,1,0,2,1,,,,,8,1,1,,1.33,3,1
19/06,morning,,Repousse,control,4,0,1,1,0,5,"0,75",0,2,NA,,,,,8,1,1,,1.27,5,1
19/06,morning,,Repousse,2,5,0,1,0,1,10,1,1,4,1,,,,,8,1,1,,3.07,6,4
19/06,morning,,Repousse,control,6,0,0,1,0,1,0,0,1,NA,,,,,8,1,1,,0.83,1,0
19/06,morning,,Repousse,2,7,0,1,0,1,9,1,0,3,1,,,,,8,1,1,,2.9,7,1
19/06,morning,,Repousse,"1,5",8,0,0,1,0,3,0,0.5,1,NA,,,,,8,1,1,,0.8,3,0
19/06,morning,,Repousse,"0,5",9,0,1,1,0,4,"0,25",0,"1,5",0,,,,,8,1,1,,0.73,4,1
19/06,morning,,Repousse,2+,10,0,0,0,1,4,1,0,1,1,,,,,8,1,1,,,,
19/06,morning,,Repousse,control,11,1,1,1,0,10,"0,5",1,3,NA,,,,,8,1,2,,2.9,8,5
19/06,morning,,Repousse,"0,7",12,0,1,0,1,8,"0,5",0,3,1,,,,,8,1,2,,2.14,1,0
19/06,morning,,Repousse,2+,13,0,0,0,1,4,0,0,2,1,,,,,8,1,2,,1.5,1,0
19/06,morning,,Repousse,2,14,0,1,1,0,10,"0,5",1,7,1,,,,,8,1,2,,8.74,3,3
19/06,morning,,Repousse,"0,3",15,0,1,1,0,3,"0,5",0,1,0,,,,,8,1,2,,,,
19/06,morning,,Repousse,control,16,1,0,1,0,4,0,0,"1,5",NA,,,,,8,1,2,,0.63,3,1
19/06,morning,,Repousse,1,17,0,1,1,0,5,0,1,2,0,,,,,8,1,2,,,,
19/06,morning,,Repousse,"0,5",18,1,1,1,0,7,1,0,"2,5",NA,,,,,8,1,2,,0.77,2,1
19/06,morning,,Repousse,"0,3",19,0,0,1,0,0,NA,NA,NA,NA,,,,,8,1,2,,1.5,5,3
19/06,morning,,Whiteline,"0,7",1,0,0,1,0,0,NA,NA,NA,NA,,,,,8,1,3,,,,
19/06,morning,,Whiteline,control,2,0,0,1,0,NA,NA,NA,NA,NA,,,,,8,1,3,,,,
19/06,morning,,Whiteline,"0,5",3,0,0,1,0,NA,NA,NA,NA,NA,,,,,8,1,3,,,,
19/06,morning,,Whiteline,NA,4,0,0,0,1,NA,NA,NA,NA,NA,,,,,8,1,3,,,,
19/06,morning,,Whiteline,1,5,0,0,1,0,NA,NA,NA,NA,NA,,,,,8,1,3,,,,
19/06,morning,,Whiteline,NA,6,0,0,0,1,NA,NA,NA,NA,NA,,,,,8,1,3,,,,
19/06,morning,,Whiteline,"0,3",7,0,0,1,0,NA,NA,NA,NA,NA,,,,,8,1,3,,,,
19/06,morning,,Whiteline,control,8,0,1,1,0,5,1,0,3,NA,,,,,8,1,3,,,,
19/06,morning,,Whiteline,retrieved,9,0,0,1,0,NA,NA,NA,NA,NA,,,,,8,1,3,,,,
19/06,morning,,Whiteline,control,10,0,0,1,0,NA,NA,NA,NA,NA,,,,,8,1,3,,,,
19/06,morning,,Sidemark,1,1,0,0,1,0,0,NA,NA,NA,NA,,,,,8,1,4,,,,
19/06,morning,,Sidemark,"0,3",2,0,0,1,0,NA,NA,NA,NA,NA,,,,,8,1,4,,,,
19/06,morning,,Sidemark,control,3,0,0,1,0,NA,NA,NA,NA,NA,,,,,8,1,4,,,,
19/06,morning,,Sidemark,2+,4,0,0,0,1,NA,NA,NA,NA,NA,,,,,8,1,4,,,,
19/06,morning,,Sidemark,"0,7",5,0,0,1,0,0,NA,NA,NA,NA,,,,,8,1,4,,,,
19/06,morning,,Sidemark,"1,5",6,0,0,0,1,NA,NA,NA,NA,NA,,,,,8,1,4,,,,
19/06,morning,,Sidemark,control,7,0,0,1,0,NA,NA,NA,NA,NA,,,,,8,1,4,,,,
19/06,morning,,Sidemark,control,9,0,0,1,0,NA,NA,NA,NA,NA,,,,,8,1,4,,,,
19/06,morning,,Sidemark,2,8,0,0,1,0,NA,NA,NA,NA,NA,,,,,8,1,4,,,,
19/06,morning,,Sidemark,1,10,0,0,1,0,NA,NA,NA,NA,NA,,,,,8,1,4,,,,
19/06,evening,,Repousse,control,1,0,0,1,0,1,NA,NA,"0,5",NA,,,,,9,1,1,,0.33,2,0
19/06,evening,,Repousse,1,2,1,1,0,1,3,"0,5",0,1,1,,,,,9,1,1,,1.07,2,2
19/06,evening,,Repousse,"0,5",3,1,1,1,0,11,"0,5","0,5","3,4",0,,,,,9,1,1,,2.57,8,3
19/06,evening,,Repousse,2,4,0,1,0,1,3,"0,5",0,2,1,,,,,9,1,1,,2.5,2,1
19/06,evening,,Repousse,"0,3",5,0,1,1,0,5,"0,5",0,2,0,,,,,9,1,1,,1.37,4,1
19/06,evening,,Repousse,"1,5",6,0,1,1,0,6,1,0,"1,8",,"21:00:11:00, ?? help",,,,9,1,1,,1.67,5,1
19/06,evening,,Repousse,"0,7",7,2,1,0,1,18,1,2,"5,5",1,TROP BEAU CONTACT !!,,,,9,1,1,,5.37,12,5
19/06,evening,,Repousse,control,8,0,1,1,0,4,"0,5",0,"1,5",NA,,,,,9,1,1,,21.39,3,1
19/06,evening,,Repousse,2+,9,1,1,0,1,7,"0,5",0,2,1,,,,,9,1,1,,2.04,5,2
19/05bloc1,evening,,Grizzly,"0,7",1,1,1,1,0,9,"0,5",1,"5,5",0,,,,,9,1,1,,5.04,9,5
19/05bloc1,evening,,Grizzly,1,2,1,1,0,1,4,1,0,2,1,,,,,9,1,1,,1.27,3,1
19/05bloc1,evening,,Grizzly,"0,5",3,0,0,0,1,0,NA,NA,NA,NA,,,,,9,1,1,,1.3,2,0
19/05bloc1,evening,,Grizzly,control,4,0,0,0,1,1,NA,NA,NA,NA,,,,,9,1,1,,19.19,2,1
19/05bloc1,evening,,Grizzly,"0,3",5,0,0,1,0,1,0,0,"0,5",0,,,,,9,1,1,,6.88,4,1
19/05bloc1,evening,,Grizzly,2,6,2,1,0,1,7,0,1,3,1,,,,,9,1,1,,2.8,4,3
19/05bloc1,evening,,Grizzly,control,7,0,0,1,0,0,0,0,NA,NA,,,,,9,1,1,,,,
19/05bloc1,evening,,Grizzly,2+,8,0,0,1,0,0,0,0,NA,1,teeth contact but still SH,,,,9,1,1,,,,
19/05bloc1,evening,,Grizzly,"1,5",9,0,1,1,0,7,0,1,"3,5",1,teeth contact but still SH,,,,9,1,1,,2.74,4,3
19/05bloc2,evening,,Grizzly,1,1,2,1,1,0,9,0,"1,5","4,2",0,,,,,9,1,2,,4.54,9,4
19/05bloc2,evening,,Grizzly,control,2,2,1,1,0,9,0,2,"5,2",NA,,,,,9,1,2,,5.07,7,5
19/05bloc2,evening,,Grizzly,"1,5",3,0,0,1,0,0,0,0,NA,0,,,,,9,1,2,,,,
19/05bloc2,evening,,Grizzly,2,4,0,1,0,1,6,0,"0,25",2,1,,,,,9,1,2,,1.77,1,2
19/05bloc2,evening,,Grizzly,"0,3",5,0,1,1,0,5,1,0,"3,5",0,,,,,9,1,2,,19.82,4,1
19/05bloc2,evening,,Grizzly,2+,6,1,0,0,1,4,0,0,2,1,,,,,9,1,2,,2.07,4,1
19/05bloc2,evening,,Grizzly,"0,5",7,0,1,1,0,8,"0,5","1,5",5,0,,,,,9,1,2,,4.64,9,7
19/05bloc2,evening,,Grizzly,"0,7",8,0,1,1,0,5,"0,5",1,"3,5",0,,,,,9,1,2,,2.7,6,4
19/05bloc2,evening,,Grizzly,control,9,0,0,1,0,0,NA,NA,NA,NA,,,,,9,1,2,,,,
19/05bloc3,evening,,Grizzly,"0,7",1,0,0,1,0,0,NA,NA,NA,0,,,,,9,1,3,,,,
19/05bloc3,evening,,Grizzly,"0,3",2,0,0,1,0,0,NA,NA,NA,0,,,,,9,1,3,,,,
19/05bloc3,evening,,Grizzly,"0,5",3,1,1,1,0,7,0,1,3,NA,,,,,9,1,3,,2.84,5,4
19/05bloc3,evening,,Grizzly,2,4,0,0,0,1,2,0,0,1,1,,,,,9,1,3,,0.67,1,0
19/05bloc3,evening,,Grizzly,control,5,0,0,0,1,0,0,0,NA,NA,,,,,9,1,3,,0.43,2,0
19/05bloc3,evening,,Grizzly,control,6,0,1,1,0,5,"0,5",1,"3,5",NA,,,,,9,1,3,,3.1,4,4
19/05bloc3,evening,,Grizzly,2+,7,0,1,0,1,4,"0,5",0,2,1,"eats one nut, SH the other nut",,,,9,1,3,,1.5,1,1
19/05bloc3,evening,,Grizzly,"1,5",8,0,0,1,0,1,0,0,1,0,,,,,9,1,3,,0.33,2,0
19/05bloc3,evening,,Grizzly,1,9,NA,1,1,0,NA,NA,NA,"1,5",0,no video,,,,9,1,3,,,,
19/06,evening,,Babygriz,"1,5",1,0,1,1,0,4,"0,5",0,2,1,,,,,9,1,1,,,,
19/06,evening,,Babygriz,"0,5",2,0,1,1,0,4,"0,5",0,"1,5",0,,,,,9,1,1,,,,
19/06,evening,,Babygriz,"0,3",3,0,NA,1,0,2,NA,NA,NA,NA,,,,,9,1,1,,,,
