date,time.of.day,time (UTC),temperature (°C),Study site,ID,weather,Fruit,unstem,peel,transported,scatter.hoarded,eaten.lifted,eaten.on.the.floor,peeled.lifted,rotate,scent-marking,handling.only,comments,order taken,trials before first bite,peel bouts before first eating bout,hands used while eating,bite for each peeling bout (mean),total peeling bout,trials before scatterhoarding,leaf on top,time.first.peeling,time.first.eating,nb of eating bout before second peeling bout,,,,
07/06/2024,afternoon,18:22,NA,Backabandoned,Unidentified,NA,banana,NA,NA,1,0,NA,0,0,0,0,0,,,,,,,,,,,,,,,,
07/06/2024,afternoon,17:42,NA,Backabandoned,Unidentified,NA,banana,NA,NA,1,0,NA,0,0,0,0,0,,,,,,,,,,,,,Total,Peel (no/yes),Transported,Scatter-hoarded
07/06/2024,afternoon,16:48,NA,Backabandoned,Unidentified,NA,banana,1,1,0,0,1,0,1,0,0,0,,NA,2,NA,NA,NA,NA,NA,NA,NA,NA,,banana,8,28,0
07/06/2024,morning,12:30,25,BackNeighbor,Unidentified,NA,banana,0,1,0,0,0,1,0,0,0,0,,NA,1,3,2,5,3,NA,NA,NA,NA,,,14,8,0
07/06/2024,afternoon,20:48,32,BackNeighbor,Unidentified,NA,banana,1,1,0,0,0,1,0,0,0,0,,NA,1,1,2,8,1,NA,NA,8,NA,2,apple,0,11,0
07/06/2024,morning,12:45,25,FrontAirbnb,Orangie,NA,banana,1,1,0,0,1,1,0,0,0,0,,NA,0,1,2,0,1,NA,NA,NA,NA,,,,,
07/06/2024,afternoon,20:49,30,NeighborStairCam,Orangie,NA,banana,1,1,0,0,0,1,0,0,0,0,"tries lifting first, then put on the ground",NA,0,1,2,8,3,NA,NA,10,14,1,,,,
07/06/2024,afternoon,19:34,35,NeighborStairCam,Stairs,NA,banana,0,1,1,0,0,1,0,0,0,0,very far,NA,0,1,2,NA,2,NA,NA,,,,,,,
07/06/2024,afternoon,19:33,35,NeighborStairCam,Stairs,NA,banana,0,0,1,0,0,0,0,0,0,0,,NA,1,NA,NA,NA,NA,NA,NA,,,,,,,
07/06/2024,afternoon,20:51,31,NeighborStairCam,Stairs,NA,banana,0,0,0,0,0,0,0,1,0,1,peeled but not eaten,NA,0,NA,NA,NA,NA,NA,NA,,,,,,,
09/06/2024,morning,10:37,25,BackAirbnb.Frontcam,Unidentified,NA,banana,0,1,0,0,0,0,1,0,0,1,peeled but not eaten,NA,3,NA,NA,10,1,NA,NA,,,,,,,
09/06/2024,afternoon,23:31,26,BackAirbnb.Frontcam,Gardenpatch,NA,banana,0,1,0,0,0,0,1,0,0,1,peeled but not eaten,NA,1,NA,NA,13,1,NA,NA,,,,,,,
09/06/2024,afternoon,16:06,31,BackCamSideNeighbor,Gardenpatch,NA,banana,0,NA,1,0,0,0,0,0,0,0,,NA,0,2,1,6,6,NA,NA,,,,,,,
09/06/2024,morning,11:39,24,BackCamSideNeighbor,Unidentified,NA,banana,0,NA,1,0,0,0,0,0,0,0,,NA,NA,NA,NA,NA,NA,NA,NA,,,,,,,
09/06/2024,morning,10:58,26,Frontaibnb,Unidentified,NA,banana,0,NA,1,0,0,0,0,0,0,0,,NA,NA,NA,NA,NA,NA,NA,NA,,,,,,,
09/06/2024,morning,11:01,26,Frontaibnb,Orangie,NA,banana,1,1,0,0,1,0,1,0,0,0,,NA,0,1,2,6,2,NA,NA,,,,,,,
09/06/2024,morning,10:57,27,Frontaibnb,Unidentified,NA,banana,0,1,0,0,0,1,0,0,0,0,,NA,0,2,2,NA,3,NA,NA,,,,,,,
11/06/2024,morning,11:07,26,BackyardAirbnb,Unidentified,NA,banana,0,1,0,0,0,1,0,0,0,0,,NA,0,1,2,6,1,NA,NA,,,,,,,
11/06/2024,morning,11:35,25,BackyardAirbnb,Unidentified,NA,banana,0,NA,1,0,0,0,0,0,0,0,,NA,0,0,0,0,0,NA,NA,,,,,,,
07/06/2024,morning,16:40,NA,BackAbandonned,Unidentified,NA,banana,1,1,0,0,0,1,0,0,0,0,,NA,1,2,2,NA,2,NA,NA,,,,,,,
07/06/2024,morning,16:48,NA,BackAbandonned,Unidentified,NA,apple,0,0,0,0,1,1,0,0,0,0,,NA,0,NA,2,NA,NA,NA,NA,,,,,,,
07/06/2024,NA,NA,NA,BackairbnbFrontCam,Unidentified,NA,apple,0,0,0,0,0,1,0,1,0,0,,NA,15,0,2,NA,NA,NA,NA,,,,,,,
09/06/2024,afternoon,23:04,30,BackAirbnb.Frontcam,Gardenpatch,NA,apple,0,0,0,0,0,1,0,1,0,0,,NA,0,NA,NA,NA,NA,NA,NA,,,,,,,
09/06/2024,afternoon,21:23,31,BackAirbnb.Frontcam,Gardenpatch,NA,apple,0,0,0,0,0,1,0,1,0,0,,NA,1,10,2,3,10,NA,NA,,,,,,,
09/06/2024,afternoon,21:25,32,BackAirbnb.Frontcam,Gardenpatch,NA,apple,0,0,0,0,0,1,0,0,0,0,,NA,1,4,2,4,4,NA,NA,,,,,,,
09/06/2024,morning,11:30,31,BackAirbnb.Frontcam,Gardenpatch,NA,apple,0,0,0,0,0,1,0,1,0,0,,NA,10,0,2,NA,NA,NA,NA,,,,,,,
09/06/2024,afternoon,22:26,28,BackAirbnb.Frontcam,Unidentified,NA,apple,0,0,0,0,1,0,0,1,0,0,,NA,0,NA,NA,NA,NA,NA,NA,,,,,,,
09/06/2024,afternoon,21:02,31,BackAirbnb.Frontcam,Unidentified,NA,apple,0,0,0,0,0,1,0,1,0,0,,NA,0,NA,NA,NA,NA,NA,NA,,,,,,,
09/06/2024,afternoon,22:34,28,BackCamSideNeighbor,Unidentified,NA,apple,0,0,0,0,0,1,0,1,0,0,,NA,0,NA,NA,NA,NA,NA,NA,,,,,,,
09/06/2024,afternoon,22:36,29,BackCamSideNeighbor,Unidentified,NA,apple,0,0,0,0,1,0,0,0,0,0,,NA,0,NA,NA,NA,NA,NA,NA,,,,,,,
09/06/2024,afternoon,22:25,26,BackCamSideNeighbor,Unidentified,NA,apple,0,0,0,0,0,1,0,1,0,0,,NA,0,NA,NA,NA,NA,NA,NA,,,,,,,
21/03/2025,afternoon,20:40,29,Airbnb1,Unidentified,cloudy,apple,0,0,1,0,0,1,NA,NA,NA,0,,1/6,3,0,2,NA,NA,NA,NA,,,,,,,
21/03/2025,afternoon,20:41,29,Airbnb1,Unidentified,cloudy,apple,0,0,1,0,0,1,NA,NA,NA,0,,2/6,3,0,2,NA,NA,NA,NA,,,,,,,
21/03/2025,afternoon,20:42,29,Airbnb1,Unidentified,cloudy,banana,0,1,1,0,0,1,0,0,0,0,,3/6,2,2,2,10,3,NA,NA,,,,,,,
21/03/2025,afternoon,20:43,30,Airbnb1,Unidentified,cloudy,banana,0,1,0,0,0,0,0,0,0,1,,4/6,3,NA,0,3,2,NA,NA,,,,,,,
21/03/2025,afternoon,20:43,30,Airbnb1,Unidentified,cloudy,banana,0,1,1,0,0,1,0,1,0,0,Change the place of bite toequilibrate and transport,4/6,2,3,2,8,9,NA,NA,,,,,,,
21/03/2025,afternoon,20:44,31,Airbnb1,Unidentified,cloudy,orange,0,1,1,0,0,1,0,1,0,0,"First bites the orange, then put two hands around it, starts peeling, then transport it somewhere else",5/6,12,4,2,8,5,NA,NA,,,,,,,
21/03/2025,afternoon,20:49,31,Airbnb1,Unidentified,cloudy,orange,0,0,0,0,0,0,0,1,0,1,"Roates towards the stem, bites the stem, but then leaves",NA,4,NA,2,NA,NA,NA,NA,,,,,,,
21/03/2025,afternoon,21:00,32,Airbnb1,Unidentified,cloudy,orange,0,1,1,0,0,1,0,0,0,0,,6/6,NA,NA,NA,NA,NA,NA,NA,,,,,,,
22/03/2025,afternoon,20:12,31,Airbnb1,Unidentified,cloudy,apple,0,1,1,0,0,1,0,1,0,0,"Peeling was discovered by post obersvation, not on video",1/6,NA,NA,NA,NA,NA,NA,NA,,,,,,,
22/03/2025,afternoon,20:15,32,Airbnb1,Unidentified,cloudy,apple,0,1,1,0,0,1,0,1,0,0,"Peeling was discovered by post obersvation, not on video",2/6,NA,NA,NA,NA,NA,NA,NA,,,,,,,
22/03/2025,afternoon,20:15,32,Airbnb1,Unidentified,cloudy,banana,0,1,1,0,0,1,0,0,0,0,Human observation,3/6,NA,NA,NA,NA,NA,NA,NA,,,,,,,
22/03/2025,afternoon,20:16,32,Airbnb1,Unidentified,cloudy,banana,0,1,1,0,0,1,0,0,0,0,Human observation,4/6,NA,NA,NA,NA,NA,NA,NA,,,,,,,
22/03/2025,afternoon,20:21,33,Airbnb1,Unidentified,cloudy,orange,0,0,0,0,0,0,0,1,0,1,"Rotation with 2 hands, sniffing, then leaves",NA,2,NA,2,NA,NA,NA,NA,,,,,,,
22/03/2025,afternoon,20:23,33,Airbnb1,Unidentified,cloudy,orange,0,0,0,0,0,0,0,1,0,1,"Rotation with 2 hands, sniffing, then leaves",NA,5,NA,2,NA,NA,NA,NA,,,,,,,
22/03/2025,afternoon,20:41,33,Airbnb1,Unidentified,cloudy,orange,0,0,1,0,0,1,0,1,0,0,"Rotate with 2 hands for a long time, finally suceed biting it, then transport and eat",5/6,11,NA,2,NA,NA,NA,NA,,,,,,,
22/03/2025,afternoon,22:50,33,Airbnb1,Unidentified,cloudy,orange,0,0,1,0,0,1,0,1,0,0,"rotate with one hand, bites and transport",6/6,3,NA,2,NA,NA,NA,NA,,,,,,,
23/03/2025,morning,12:02,25,Airbnb1,Unidentified,cloudy,apple,0,1,1,0,1,0,1,1,0,0,"rotate wirh one hand, bites and leave. In another video, we see eating it and peel it.",1/9,11,4,2,7,12,NA,NA,,,,,,,
23/03/2025,morning,12:03,26,Airbnb1,Unidentified,cloudy,banana,0,1,1,0,0,1,0,0,0,0,,2/9,0,NA,2,NA,NA,NA,NA,,,,,,,
23/03/2025,morning,12:08,23,Airbnb1,Unidentified,cloudy,banana,0,1,1,0,0,1,0,0,0,0,,4/9,0,2,2,NA,3,NA,NA,,,,,,,
23/03/2025,morning,12:32,26,Airbnb1,Unidentified,cloudy,apple,0,1,1,0,0,1,0,1,0,0,"rotated with two hands, then eated. can't see any peeling",3/9,2,2,2,7,6,NA,NA,,,,,,,
23/03/2025,morning,12:33,26,Airbnb1,Unidentified,cloudy,orange,0,0,0,0,0,0,0,0,0,0,just scent marking the orange,NA,NA,NA,NA,NA,NA,NA,NA,,,,,,,
23/03/2025,morning,12:34,,Airbnb1,Unidentified,cloudy,apple,0,1,1,0,0,1,0,1,0,0,,5/9,2,5,2,NA,5,NA,NA,,,,,,,
23/03/2025,morning,12:40,,Airbnb1,Unidentified,sunny,banana,0,1,1,0,0,1,0,0,0,0,keeps displacing with banana after congeners approches,6/9,0,3,2,5,4,NA,NA,,,,,,,
23/03/2025,morning,12:46,,Airbnb1,Unidentified,sunny,orange,0,NA,NA,NA,NA,NA,0,NA,0,0,Abandonned,NA,NA,NA,NA,NA,NA,NA,NA,,,,,,,
23/03/2025,morning,NA,NA,Airbnb1,Unidentified,sunny,orange,0,NA,NA,NA,NA,NA,0,NA,0,0,Abandonned,NA,NA,NA,NA,NA,NA,NA,NA,,,,,,,
23/03/2025,morning,NA,NA,Airbnb1,Unidentified,sunny,orange,0,NA,NA,NA,NA,NA,0,NA,0,0,Abandonned,NA,NA,NA,NA,NA,NA,NA,NA,,,,,,,
21/03/2025,afternoon,20:55,27,Airbnb2,Unidentified,cloudy,banana,0,1,0,0,0,1,0,0,0,0,,1/6,3,2,0,8,2,NA,NA,,,,,,,
21/03/2025,afternoon,20:56,27,Airbnb2,Unidentified,cloudy,apple,0,0,1,0,0,0,0,0,0,0,no sight on eating,2/6,13,NA,NA,NA,NA,NA,NA,,,,,,,
21/03/2025,afternoon,21:25,28,Airbnb2,Unidentified,cloudy,apple,0,0,1,0,0,1,0,1,0,0,"rotates with 2 hands. Main eating without peeling, sometimes peel a little. Displaced 3 times by congeners",3/6,2,NA,2,NA,NA,NA,NA,,,,,,,
21/03/2025,afternoon,21:28,28,Airbnb2,Unidentified,cloudy,banana,0,0,1,0,0,0,0,0,0,,,4/6,NA,NA,NA,NA,NA,NA,NA,,,,,,,
21/03/2025,afternoon,22:56,29,Airbnb2,Unidentified,cloudy,orange,0,1,0,0,0,1,0,1,0,,eat with two hands on orange,5/6,0,5,2,8,9,NA,NA,,,,,,,
21/03/2025,afternoon,23:05,31,Airbnb2,Unidentified,cloudy,orange,0,1,0,0,0,1,0,1,0,,,6/6,0,4,2,7,7,NA,NA,,,,,,,
22/03/2025,afternoon,20:10,31,Airbnb2,Unidentified,cloudy,banana,0,NA,1,NA,NA,NA,0,NA,0,,eaten out of sight,1/6,NA,NA,NA,NA,NA,NA,NA,,,,,,,
22/03/2025,afternoon,20:12,31,Airbnb2,Unidentified,cloudy,apple,0,NA,1,NA,NA,NA,0,NA,0,,eaten out of sight,2/6,NA,NA,NA,NA,NA,NA,NA,,,,,,,
22/03/2025,afternoon,20:22,31,Airbnb2,Unidentified,cloudy,apple,0,NA,1,NA,NA,NA,0,NA,0,,eaten out of sight,3/6,NA,NA,NA,NA,NA,NA,NA,,,,,,,
22/03/2025,afternoon,20:23,31,Airbnb2,Unidentified,cloudy,orange,0,NA,1,NA,NA,NA,0,NA,0,,eaten out of sight,4/6,NA,NA,NA,NA,NA,NA,NA,,,,,,,
22/03/2025,afternoon,20:24,31,Airbnb2,Unidentified,cloudy,banana,0,NA,1,NA,NA,NA,0,NA,0,,eaten out of sight,5/6,NA,NA,NA,NA,NA,NA,NA,,,,,,,
22/03/2025,afternoon,20:26,32,Airbnb2,Unidentified,cloudy,orange,0,NA,1,NA,NA,NA,0,NA,0,,eaten out of sight,6/6,NA,NA,NA,NA,NA,NA,NA,,,,,,,
23/03/2025,morning,11:49,25,Airbnb2,Unidentified,sunny,apple,0,0,1,0,0,1,0,1,0,,rotate with one hand and bite the stem to transport it first.,1/9,9,NA,2,NA,NA,NA,NA,,,,,,,
23/03/2025,morning,12:03,25,Airbnb2,Unidentified,sunny,banana,0,NA,1,0,0,1,0,0,0,,,2/9,NA,NA,NA,NA,NA,NA,NA,,,,,,,
23/03/2025,morning,12:06,27,Airbnb2,Unidentified,sunny,apple,0,1,0,0,0,1,0,0,0,,,3/9,4,12,2,4,13,NA,NA,,,,,,,
23/03/2025,morning,12:08,27,Airbnb2,Unidentified,sunny,apple,0,1,1,0,0,1,0,0,0,,,4/9,4,4,2,NA,9,NA,NA,,,,,,,
23/03/2025,morning,12:48,25,Airbnb2,Unidentified,sunny,orange,0,0,0,0,0,1,0,1,0,,"bites and eat a little inside, then leaves",5/9,2,1,2,2,3,NA,NA,,,,,,,
23/03/2025,morning,12:55,26,Airbnb2,Unidentified,sunny,banana,0,NA,1,0,0,0,0,0,0,,seems to eat the lining of the peel,6/9,NA,NA,NA,NA,NA,NA,NA,,,,,,,
23/03/2025,morning,13:17,29,Airbnb2,Unidentified,sunny,peanut,0,0,0,1,0,0,0,1,0,,,NA,0,NA,NA,NA,NA,0,0,,,,,,,
23/03/2025,morning,13:18,29,Airbnb2,Unidentified,sunny,peanut,0,0,0,1,0,0,0,1,0,,,NA,0,NA,NA,NA,NA,0,0,,,,,,,
23/03/2025,morning,NA,NA,Airbnb2,Unidentified,sunny,orange,0,NA,NA,NA,NA,NA,NA,NA,0,,Abandonned,NA,NA,NA,NA,NA,NA,NA,NA,,,,,,,
22/03/2025,afternoon,NA,NA,House1,Unidentified,cloudy,orange,0,0,1,NA,NA,1,0,NA,0,,eat a little bit of the oustide layer,1/6,0,NA,2,NA,NA,NA,NA,,,,,,,
22/03/2025,afternoon,NA,NA,House1,Unidentified,cloudy,apple,0,0,1,0,0,1,0,0,0,,eat without hands,2/6,0,NA,0,NA,NA,NA,NA,,,,,,,
22/03/2025,afternoon,20:37,31,House1,Unidentified,cloudy,banana,0,NA,1,NA,NA,NA,0,NA,0,,,3/6,0,NA,NA,NA,NA,NA,NA,,,,,,,
22/03/2025,afternoon,20:41,31,House1,Unidentified,cloudy,apple,0,NA,1,NA,NA,NA,0,NA,0,,,4/6,0,NA,NA,NA,NA,NA,NA,,,,,,,
22/03/2025,afternoon,20:48,31,House1,Unidentified,cloudy,banana,0,1,1,0,0,1,0,0,0,,,5/6,0,2,2,10,3,NA,NA,,,,,,,
22/03/2025,afternoon,20:54,33,House1,Unidentified,cloudy,orange,0,NA,1,0,0,1,0,1,0,,,6/6,0,NA,NA,NA,NA,NA,NA,,,,,,,
23/03/2025,morning,11:59,25,House1,Unidentified,sunny,apple,0,0,1,0,0,1,0,0,0,,Social interacton : the one with the apple in the mouth pursue another agouti before stop and eat.,1/9,1,NA,1,NA,NA,NA,NA,,,,,,,
23/03/2025,morning,12:02,26,House1,Unidentified,sunny,apple,0,NA,1,NA,NA,NA,0,NA,0,,bites in it to transport it,2/9,4,NA,NA,NA,NA,NA,NA,,,,,,,
23/03/2025,morning,12:11,26,House1,Unidentified,sunny,banana,0,NA,1,NA,NA,NA,0,NA,0,,"bites in the middle of it, use two hands to stabilize the banana in order to bite strong, and transport.",3/9,7,NA,NA,NA,NA,NA,NA,,,,,,,
23/03/2025,morning,12:40,25,House1,Unidentified,sunny,apple,0,NA,1,NA,NA,NA,0,NA,0,,,4/9,14,NA,NA,NA,NA,NA,NA,,,,,,,
23/03/2025,morning,12:54,26,House1,Unidentified,sunny,banana,0,NA,1,NA,NA,NA,0,NA,0,,,5/9,,NA,NA,NA,NA,NA,NA,,,,,,,
23/03/2025,morning,13:01,27,House1,Unidentified,sunny,banana,0,NA,1,NA,NA,NA,0,NA,0,,,6/9,,NA,NA,NA,NA,NA,NA,,,,,,,
23/03/2025,morning,13:49,27,House1,Unidentified,sunny,orange,0,NA,1,1,NA,NA,0,1,0,,put two hands on it to rotate and bite and transport. Put orange on ground an put leaves around it. Pseudo-scatterhoarding.,7/9,5,NA,NA,NA,NA,0,NA,,,,,,,
23/03/2025,morning,13:51,28,House1,Unidentified,sunny,orange,0,NA,1,,,,0,1,0,,put two hands on it to rotate and bite and transport.,8/9,7,NA,NA,NA,NA,NA,0,,,,,,,
23/03/2025,morning,15:00,30,House1,Unidentified,sunny,orange,0,1,0,0,0,1,0,1,0,,Eat the first peel bout!,9/9,5,6,2,8,6,NA,NA,,,,,,,
24/03/2025,morning,12:34,25,House1,Unidentified,cloudy,apple,0,NA,1,NA,NA,NA,0,NA,0,,,1/9,,NA,NA,NA,NA,NA,NA,,,,,,,
24/03/2025,morning,12:35,25,House1,Unidentified,cloudy,apple,0,NA,1,NA,NA,NA,0,NA,0,,,2/9,,NA,NA,NA,NA,NA,NA,,,,,,,
24/03/2025,morning,13:09,26,House1,Unidentified,cloudy,orange,0,NA,NA,NA,NA,NA,0,NA,0,1,tries to bite it four times. Abandonned.,,4,NA,NA,NA,NA,NA,NA,,,,,,,
24/03/2025,morning,14:11,30,House1,Unidentified,cloudy,orange,0,NA,1,NA,NA,NA,0,NA,0,,,3/9,NA,NA,NA,NA,NA,NA,NA,,,,,,,
24/03/2025,morning,13:10,26,House1,Unidentified,cloudy,apple,0,NA,1,NA,NA,NA,0,NA,0,,tries to bite and put one hand on it.,4/9,6,NA,NA,NA,NA,NA,NA,,,,,,,
24/03/2025,morning,14:00,28,House1,Unidentified,cloudy,banana,0,1,1,0,0,1,0,0,0,,,5/9,3,NA,2,NA,NA,NA,NA,,,,,,,
24/03/2025,morning,14:05,29,House1,Unidentified,cloudy,banana,0,1,0,0,0,1,0,0,0,,both hands on it when peeling. Peels once before starting eating,6/9,3,3,2,6,3,NA,NA,,,,,,,
24/03/2025,morning,14:07,30,House1,Unidentified,cloudy,banana,0,NA,1,NA,NA,NA,0,NA,0,,,7/9,NA,NA,NA,NA,NA,NA,NA,,,,,,,
24/03/2025,morning,,30,House1,Unidentified,cloudy,orange,0,NA,NA,NA,NA,NA,NA,NA,NA,,Abandonned,NA,NA,NA,NA,NA,NA,NA,NA,,,,,,,
24/03/2025,morning,,30,House1,Unidentified,cloudy,orange,0,NA,NA,NA,NA,NA,NA,NA,NA,,Abandonned,NA,NA,NA,NA,NA,NA,NA,NA,,,,,,,
24/03/2025,morning,11:59,27,Airbnb2,Unidentified,cloudy,banana,0,NA,1,NA,NA,NA,0,NA,0,,,1/9,NA,NA,NA,NA,NA,NA,NA,,,,,,,
24/03/2025,morning,12:02,27,Airbnb2,Unidentified,cloudy,banana,0,0,0,1,0,0,0,0,0,,4 trials before biting. Dig 1st time spot 1 (while holding it in mouth). Dig another time spot 2. Dig again final spot. Scatterhoard. ,2/9,4,NA,NA,NA,NA,2,1,,,,,,,
24/03/2025,morning,12:05,27,Airbnb2,Unidentified,cloudy,apple,1,0,1,0,0,1,0,0,0,,Takes stem off. One hand on it while eating.,3/9,0,NA,1,NA,NA,NA,NA,,,,,,,
24/03/2025,morning,12:10,27,Airbnb2,Unidentified,cloudy,apple,0,NA,1,NA,NA,NA,0,NA,0,,,4/9,10,NA,NA,NA,NA,NA,NA,,,,,,,
24/03/2025,morning,12:14,26,Airbnb2,Unidentified,cloudy,apple,0,1,1,NA,NA,NA,0,NA,0,,,5/9,7,6,0,4,10,NA,NA,,,,,,,
24/03/2025,morning,12:27,26,Airbnb3,Unidentified,cloudy,banana,0,1,1,0,0,1,0,0,0,,Banana retrieved from previous scatter-hoarding,,1,4,2,8,4,NA,NA,,,,,,,
24/03/2025,morning,13:35,28,Airbnb2,Unidentified,cloudy,orange,0,0,0,0,0,0,0,0,1,,Scent marked,NA,NA,NA,NA,NA,NA,NA,NA,,,,,,,
26/03/2025,morning,11:46,26,House1,Unidentified,open sky,apple,0,0,1,0,0,1,0,0,0,,Two hands on it to bite it. Transport. Two hands on it to eat it.,1/6,6,8,2,8,10,NA,NA,,,,,,,
26/03/2025,morning,12:02,26,House1,Unidentified,open sky,apple,0,NA,NA,NA,NA,NA,0,NA,0,,not on video,2/6,NA,NA,NA,NA,NA,NA,NA,,,,,,,
26/03/2025,morning,12:15,25,House1,Unidentified,cloudy,banana,0,1,0,0,0,1,0,0,0,,not on video,3/6,NA,NA,NA,NA,NA,NA,NA,,,,,,,
26/03/2025,morning,12:15,25,House1,Unidentified,cloudy,orange,0,NA,0,NA,NA,1,0,NA,0,,,4/6,NA,9,2,6,10,NA,NA,,,,,,,
26/03/2025,morning,12:46,26,House1,Unidentified,cloudy,banana,1,1,0,0,1,1,0,0,0,,stem removed. Eat lifted. Peel on the floor. Eat on the floor.,5/6,0,1,2,15,1,NA,NA,,,,,,,
26/03/2025,morning,12:17,25,House1,Unidentified,cloudy,orange,,NA,NA,NA,NA,NA,NA,NA,NA,,Abandonned,NA,NA,NA,NA,NA,NA,NA,NA,,,,,,,
26/03/2025,morning,11:41,24,Airbnb1,Unidentified,cloudy,apple,,1,1,0,0,1,0,0,0,,,1/6,0,3,2,4,4,NA,NA,,,,,,,
26/03/2025,morning,11:50,25,Airbnb1,Unidentified,cloudy,apple,0,0,1,0,0,1,0,0,0,,Two hands on it while eating,2/6,3,NA,2,NA,NA,NA,NA,,,,,,,
26/03/2025,morning,11:58,27,Airbnb1,Unidentified,cloudy,banana,,1,1,0,0,1,0,0,0,,One hand while peeling and eating,3/6,NA,3,2,3,5,NA,NA,,,,,,,
26/03/2025,morning,12:04,27,Airbnb1,Unidentified,cloudy,banana,,NA,1,NA,NA,NA,0,NA,0,,,4/6,NA,NA,NA,NA,NA,NA,NA,,,,,,,
26/03/2025,morning,,,Airbnb1,Unidentified,cloudy,orange,0,NA,NA,NA,NA,NA,0,NA,0,,Abandonned,NA,NA,NA,NA,NA,NA,NA,NA,,,,,,,
26/03/2025,morning,,,Airbnb1,Unidentified,cloudy,orange,0,NA,NA,NA,NA,NA,0,NA,0,,Abandonned,NA,NA,NA,NA,NA,NA,NA,NA,,,,,,,
27/03/2025,morning,11:51,25,Airbnb2,Unidentified,open sky,apple,0,NA,1,NA,NA,NA,0,NA,0,,,1/6,NA,NA,NA,NA,NA,NA,NA,,,,,,,
27/03/2025,morning,11:56,25,Airbnb2,Unidentified,open sky,banana,1,1,0,0,1,0,1,0,0,,Two hands. Lift. Stem off. Peeled lifted. Eaten lifted,2/6,0,4,2,10,4,NA,NA,,,,,,,
27/03/2025,morning,12:05,25,Airbnb2,Unidentified,open sky,grape,1,1,0,0,1,0,1,1,0,,,3/6,0,3,2,8,3,NA,NA,,,,,,,
27/03/2025,morning,12:06,25,Airbnb2,Unidentified,open sky,grape,1,1,0,0,1,0,1,1,0,,,4/6,0,4,2,7,4,NA,NA,,,,,,,
27/03/2025,morning,12:07,25,Airbnb2,Unidentified,open sky,grape,1,1,0,0,1,0,1,1,0,,,,0,5,2,7,5,NA,NA,,,,,,,
26/03/2025,morning,14:05,,Andys,Unidentified,cloudy,apple,0,0,1,0,0,1,0,0,0,NA,,1/6,5,NA,1,NA,NA,NA,NA,,,,,,,
27/03/2025,morning,13:17,,Andys,Unidentified,open sky,apple,0,NA,1,0,NA,NA,NA,NA,NA,NA,,2/6,2,NA,NA,NA,NA,NA,NA,,,,,,,
27/03/2025,morning,13:32,,Andys,Unidentified,open sky,grape,1,0,0,0,1,0,0,1,0,NA,,3/6,0,0,2,NA,NA,NA,NA,,,,,,,
27/03/2025,morning,13:33,,Andys,Unidentified,open sky,grape,1,0,0,0,1,0,0,1,0,NA,,,0,0,2,NA,NA,NA,NA,,,,,,,
27/03/2025,morning,13:33,,Andys,Unidentified,open sky,grape,1,0,0,0,1,0,0,1,0,NA,,,0,0,2,NA,NA,NA,NA,,,,,,,
27/03/2025,morning,13:34,,Andys,Unidentified,open sky,grape,1,0,0,0,1,0,0,1,0,NA,,,0,0,2,NA,NA,NA,NA,,,,,,,
27/03/2025,morning,13:35,,Andys,Unidentified,open sky,banana,0,1,0,0,0,1,0,0,0,NA,,4/6,2,2,2,20,2,NA,NA,,,,,,,
27/03/2025,morning,15:03,,Andys,Unidentified,open sky,grape,1,1,0,0,1,0,1,1,0,NA,,5/6,0,4,2,7,4,NA,NA,,,,,,,
27/03/2025,morning,15:05,,Andys,Unidentified,open sky,grape,0,1,0,0,1,0,1,1,0,NA,,6/6,0,4,2,7,4,NA,NA,,,,,,,
01/02/2022,morning,,30,Oldvideo,Unidentified,,orange,NA,1,0,0,0,1,0,1,0,NA,,,1,2,2,15,5,NA,NA,,,,,,,
01/03/2022,,,29,Oldvideo,Unidentified,,grape,0,1,0,0,1,0,1,1,0,NA,,,0,2,2,6,2,NA,NA,,,,,,,
01/03/2022,,,29,Oldvideo,Unidentified,,grape,0,1,0,0,1,0,1,1,0,NA,,,0,2,2,6,2,NA,NA,,,,,,,
01/03/2022,,,29,Oldvideo,Unidentified,,grape,0,1,0,0,1,0,1,1,0,NA,,,0,2,2,6,2,NA,NA,,,,,,,
01/03/2022,,,29,Oldvideo,Unidentified,,grape,0,1,0,0,1,0,1,1,0,NA,,,0,2,2,6,2,NA,NA,,,,,,,
01/03/2022,,,29,Oldvideo,Unidentified,,grape,0,1,0,0,1,0,1,1,0,NA,,,0,1,2,6,1,NA,NA,,,,,,,
01/03/2022,,,29,Oldvideo,Unidentified,,grape,0,0,1,NA,NA,NA,NA,NA,NA,NA,,,NA,NA,NA,NA,NA,NA,NA,,,,,,,
01/03/2022,,,29,Oldvideo,Unidentified,,grape,0,0,1,NA,NA,NA,NA,NA,NA,NA,,,NA,NA,NA,NA,NA,NA,NA,,,,,,,
01/03/2022,,,29,Oldvideo,Unidentified,,grape,1,0,1,1,0,0,0,1,0,NA,,,NA,NA,NA,NA,NA,1,1,,,,,,,
01/03/2022,,,29,Oldvideo,Unidentified,,grape,1,0,1,1,0,0,0,1,0,NA,,,NA,NA,NA,NA,NA,1,0,,,,,,,
01/03/2022,,,29,Oldvideo,Unidentified,,grape,0,0,1,1,0,0,0,1,0,NA,,,NA,NA,NA,NA,NA,2,1,,,,,,,
01/03/2022,,,29,Oldvideo,Unidentified,,grape,0,0,1,1,0,0,0,1,0,NA,,,NA,NA,NA,NA,NA,2,1,,,,,,,
01/03/2022,,,29,Oldvideo,Unidentified,,grape,0,0,1,1,0,0,0,1,0,NA,,,NA,NA,NA,NA,NA,2,1,,,,,,,
01/03/2022,,,30,Oldvideo,Unidentified,,orange,0,1,0,0,0,1,1,1,0,NA,,,2,3,2,8,5,NA,NA,,,,,,,
01/03/2022,,,30,Oldvideo,Unidentified,,orange,0,1,0,0,0,1,1,1,0,NA,,,4,2,2,10,5,NA,NA,,,,,,,
01/04/2022,,17:40,32,Oldvideo,Unidentified,,grape,0,0,0,1,0,0,0,1,0,NA,,,0,NA,NA,NA,NA,NA,NA,,,,,,,
01/04/2022,,17:42,32,Oldvideo,Unidentified,,grape,0,0,0,0,1,0,0,1,0,NA,,,0,NA,2,NA,NA,NA,NA,,,,,,,
01/04/2022,,17:50,32,Oldvideo,Unidentified,,grape,0,0,0,0,1,0,0,1,0,NA,,,0,NA,2,NA,NA,NA,NA,,,,,,,
01/04/2022,,18:04,31,Oldvideo,Unidentified,,grape,0,0,0,1,0,0,0,0,0,NA,,,0,NA,NA,NA,NA,1,0,,,,,,,
01/05/2022,,,28,Oldvideo,Unidentified,,grape,0,0,0,0,1,0,0,1,0,NA,,,0,NA,NA,NA,NA,NA,NA,,,,,,,
01/05/2022,,,31,Oldvideo,Unidentified,,orange,0,1,1,0,0,1,0,1,0,NA,,,1,2,2,NA,6,NA,NA,,,,,,,
01/07/2022,,17:50,32,Oldvideo,Unidentified,,grape,0,0,0,1,0,0,0,1,0,NA,,,0,NA,NA,NA,NA,NA,NA,,,,,,,
01/07/2022,,17:53,32,Oldvideo,Unidentified,,grape,0,1,0,0,1,0,1,1,0,NA,,,0,NA,NA,2,NA,NA,NA,,,,,,,
01/08/2022,,23:08,33,Oldvideo,Unidentified,,grape,0,1,0,0,1,0,1,0,0,NA,,,0,NA,NA,2,NA,NA,NA,,,,,,,
01/09/2022,morning,12:36,33,Oldvideo,Unidentified,,grape,0,1,0,0,1,0,1,1,0,NA,,,0,1,2,4,1,NA,NA,,,,,,,
01/09/2022,morning,12:37,33,Oldvideo,Unidentified,,grape,1,0,0,0,1,0,0,0,0,NA,,,0,NA,2,NA,NA,NA,NA,,,,,,,
01/09/2022,morning,12:38,33,Oldvideo,Unidentified,,grape,1,0,0,0,1,0,0,0,0,NA,,,0,NA,2,NA,NA,NA,NA,,,,,,,
01/09/2022,morning,12:38,33,Oldvideo,Unidentified,,grape,0,0,0,0,1,0,0,0,0,NA,,,0,NA,2,NA,NA,NA,NA,,,,,,,
14/06/2024,afternoon,22:28,26, CameraTrapsDumasFinalDayDump,Unidentified,,peanut,NA,1,0,0,1,0,NA,1,0,NA,,,0,3,2,4,3,NA,NA,,,,,,,
14/06/2024,afternoon,22:29,26, CameraTrapsDumasFinalDayDump,Unidentified,,peanut,NA,1,0,0,1,0,NA,1,0,NA,,,0,3,2,4,3,NA,NA,,,,,,,
14/06/2024,afternoon,22:30,26, CameraTrapsDumasFinalDayDump,Unidentified,,peanut,NA,1,0,0,1,0,NA,1,0,NA,,,0,5,2,5,5,NA,NA,,,,,,,
14/06/2024,afternoon,22:32,26, CameraTrapsDumasFinalDayDump,Unidentified,,peanut,NA,1,0,0,1,0,NA,1,0,NA,,,0,5,2,5,5,NA,NA,,,,,,,
14/06/2024,afternoon,22:32,28, CameraTrapsDumasFinalDayDump,Unidentified,,banana,0,0,1,0,0,0,0,0,0,NA,,,NA,NA,NA,NA,NA,NA,NA,,,,,,,
14/06/2024,afternoon,22:52,27, CameraTrapsDumasFinalDayDump,Unidentified,,grape,1,1,0,0,0,0,1,1,0,NA,,,0,1,2,4,1,NA,NA,,,,,,,
14/06/2024,afternoon,22:54,27, CameraTrapsDumasFinalDayDump,Unidentified,,apple,0,1,1,0,0,1,0,1,0,,,,1,1,2,5,6,NA,NA,,,,,,,
05/06/2024,afternoon,22:28,, CameraTrapsDumasFinalDayDump,Unidentified,,peanut,NA,1,0,0,1,0,1,0,0,,,,0,1,2,1,4,NA,NA,,,,,,,
05/06/2024,afternoon,22:30,, CameraTrapsDumasFinalDayDump,Unidentified,,peanut,NA,1,0,0,1,0,1,0,0,,,,0,2,2,1,2,NA,NA,,,,,,,
05/06/2024,afternoon,22:32,, CameraTrapsDumasFinalDayDump,Unidentified,,peanut,NA,1,0,0,1,0,1,0,0,,,,0,2,2,1,5,NA,NA,,,,,,,
05/06/2024,afternoon,22:34,, CameraTrapsDumasFinalDayDump,Unidentified,,peanut,NA,0,0,1,0,0,0,0,0,,,,0,NA,NA,NA,NA,3,0,,,,,,,
05/06/2024,afternoon,22:38,, CameraTrapsDumasFinalDayDump,Unidentified,,peanut,NA,0,0,1,0,0,0,0,0,,,,0,NA,NA,NA,NA,1,0,,,,,,,
05/06/2024,afternoon,22:39,, CameraTrapsDumasFinalDayDump,Unidentified,,peanut,NA,0,0,1,0,0,0,1,0,,,,,NA,NA,NA,NA,0,0,,,,,,,
08/06/2024,afternoon,,, CameraTrapsDumasFinalDayDump,Unidentified,,peanut,NA,0,0,1,0,0,0,0,0,,,,0,NA,NA,NA,NA,0,0,,,,,,,
07/06/2024,morning,17:08,32,BackairbnbBackNeighbor,Unidentified,NA,grape,0,1,0,0,1,0,1,1,,,,,0,1,2,,4,NA,NA,,,,,,,
07/06/2024,morning,17:09,32,BackairbnbBackNeighbor,Unidentified,NA,grape,0,1,0,0,1,0,1,1,,,,,0,3,2,,5,NA,NA,,,,,,,
07/06/2024,morning,17:11,33,BackairbnbBackNeighbor,Unidentified,NA,grape,1,1,0,0,1,0,1,1,,,,,0,3,2,,7,NA,NA,,,,,,,
07/06/2024,morning,12:38,30,BackairbnbBackNeighbor,Unidentified,NA,grape,0,1,0,0,1,0,1,1,,,,,0,3,2,,3,NA,NA,,,,,,,
07/06/2024,morning,12:50,26,BackairbnbBackNeighbor,Unidentified,NA,grape,1,0,0,0,1,0,0,1,0,,,,0,NA,2,NA,NA,NA,NA,,,,,,,
07/06/2024,morning,12:51,26,BackairbnbBackNeighbor,Unidentified,NA,grape,1,0,0,0,1,0,0,0,0,,,,0,NA,2,NA,NA,NA,NA,,,,,,,
07/06/2024,morning,12:52,28,BackairbnbBackNeighbor,Unidentified,NA,grape,0,0,0,0,1,0,0,0,0,,"eat it fully, nice video",,0,NA,2,NA,NA,NA,NA,,,,,,,
07/06/2024,morning,12:57,30,BackairbnbBackNeighbor,Unidentified,NA,grape,1,0,0,0,1,0,0,1,0,,SPIT THE SEED!!,,0,NA,2,NA,NA,NA,NA,,,,,,,
07/06/2024,morning,12:58,30,BackairbnbBackNeighbor,Unidentified,NA,grape,0,0,0,0,1,0,0,1,0,,,,0,NA,2,NA,NA,NA,NA,,,,,,,
07/06/2024,morning,12:59,30,BackairbnbBackNeighbor,Unidentified,NA,grape,0,0,0,0,1,0,0,1,0,,SPIT THE SEED!!,,0,NA,2,NA,NA,NA,NA,,,,,,,
07/06/2024,morning,17:40,34,BackairbnbBackNeighbor,Unidentified,NA,grape,1,0,0,0,1,0,0,1,0,,,,0,NA,2,NA,NA,NA,NA,,,,,,,
07/06/2024,morning,17:50,34,BackairbnbBackNeighbor,Unidentified,NA,grape,0,1,0,0,1,0,1,1,0,,,,0,3,2,,3,NA,NA,,,,,,,
07/06/2024,morning,17:50,34,BackairbnbBackNeighbor,Unidentified,NA,grape,1,1,0,0,1,0,1,1,0,,,,0,2,2,,2,NA,NA,,,,,,,
07/06/2024,morning,,,BackairbnbFrontCam,Unidentified,NA,grape,0,0,0,0,1,0,0,1,0,,,,0,NA,2,NA,NA,NA,NA,,,,,,,
07/06/2024,morning,,,BackairbnbFrontCam,Unidentified,NA,grape,0,0,0,0,1,0,0,1,0,,,,0,NA,2,NA,NA,NA,NA,,,,,,,
07/06/2024,morning,12:49,28,FrontAirbnb,Unidentified,NA,grape,0,1,1,0,1,0,1,1,0,,"just peel 2 very little in the beginning, then eat it all",,0,2,2,,2,NA,NA,,,,,,,
09/06/2024,morning,11:53,29,BackairbnbFrontCam,Unidentified,NA,grape,0,0,0,0,1,0,0,1,0,,,,,,2,,,NA,NA,,,,,,,
09/06/2024,afternoon,22:40,27,BackairbnbFrontCam,Unidentified,NA,grape,0,1,0,0,1,0,1,1,0,,,,0,4,2,,4,NA,NA,,,,,,,
09/06/2024,morning,16:10,33,BackCamSideNeighbor,Unidentified,NA,grape,1,1,0,0,1,0,1,1,0,,,,0,1,2,,1,NA,NA,,,,,,,
09/06/2024,afternoon,22:39,27,FrontAirbnb,Unidentified,NA,grape,NA,0,0,0,1,0,0,1,0,,,,,2,2,,3,NA,NA,,,,,,,
11/06/2024,afternoon,20:22,27,Backyard,Unidentified,NA,grape,NA,1,0,0,1,0,1,1,0,,SPIT THE SEED!!,,0,5,2,,6,NA,NA,,,,,,,
11/06/2024,morning,16:49,24,FrontAirbnb,Unidentified,NA,grape,NA,1,0,0,1,0,1,1,0,,,,0,4,2,,4,NA,NA,,,,,,,
11/06/2024,morning,14:56,25,NeighborCam,Unidentified,NA,grape,NA,0,1,0,0,0,0,0,0,,,,,,,,,NA,NA,,,,,,,
11/06/2024,afternoon,23:26,27,NeighborCam,Unidentified,NA,grape,NA,1,0,0,1,0,1,1,0,,,,0,9,2,,9,NA,NA,,,,,,,
11/06/2024,afternoon,23:27,27,NeighborCam,Unidentified,NA,grape,NA,1,0,0,1,0,1,1,0,,,,0,6,2,,6,NA,NA,,,,,,,
09/06/2024,morning,11:20,31,BackAirbnb.Frontcam,Unidentified,NA,peanut,NA,1,0,0,1,0,1,0,0,,,,0,2,2,3,2,NA,NA,,,,,,,
09/06/2024,morning,11:21,31,BackAirbnb.Frontcam,Unidentified,NA,peanut,NA,1,0,0,1,0,1,0,0,,,,0,3,2,6,5,NA,NA,,,,,,,
09/06/2024,morning,11:12,28,BackAirbnb.Frontcam,Unidentified,NA,peanut,NA,0,0,1,0,0,0,1,0,,,,0,0,0,NA,,NA,NA,,,,,,,
09/06/2024,morning,11:13,28,BackAirbnb.Frontcam,Unidentified,NA,peanut,NA,1,0,0,1,0,1,0,0,,,,0,6,2,1,6,NA,NA,,,,,,,
09/06/2024,morning,11:13,28,BackAirbnb.Frontcam,Unidentified,NA,peanut,NA,1,0,0,1,0,1,0,0,,,,0,4,2,1,4,NA,NA,,,,,,,
09/06/2024,morning,11:14,28,BackAirbnb.Frontcam,Unidentified,NA,peanut,NA,1,0,0,1,0,1,0,0,,,,0,5,2,2,5,NA,NA,,,,,,,
09/06/2024,morning,11:15,28,BackAirbnb.Frontcam,Unidentified,NA,peanut,NA,1,0,0,1,0,1,0,0,,,,0,5,2,2,5,NA,NA,,,,,,,
09/06/2024,morning,11:23,32,BackAirbnb.Frontcam,Unidentified,NA,peanut,NA,0,0,1,0,0,0,1,0,,Scatterhoard in rock path (8-9th.BackAirbnb.Frontcam.Random.MOV),,0,0,0,NA,NA,0,0,,,,,,,
09/06/2024,morning,11:20,30,BackAirbnb.Frontcam,Unidentified,NA,peanut,NA,1,0,0,1,0,1,0,0,,,,0,1,2,2,2,NA,NA,,,,,,,
09/06/2024,morning,11:21,30,BackAirbnb.Frontcam,Unidentified,NA,peanut,NA,1,0,0,1,0,1,0,0,,,,0,2,2,2,2,NA,NA,,,,,,,
09/06/2024,morning,11:19,31,BackAirbnb.Frontcam,Unidentified,NA,peanut,NA,1,0,0,1,0,1,0,0,,,,0,3,2,4,4,NA,NA,,,,,,,
09/06/2024,morning,11:19,31,BackAirbnb.Frontcam,Unidentified,NA,peanut,NA,1,0,0,1,0,1,0,0,,,,0,3,2,4,3,NA,NA,,,,,,,
09/06/2024,morning,11:23,32,BackAirbnb.Frontcam,Unidentified,NA,peanut,NA,1,0,0,1,0,1,0,0,,,,0,2,2,2,2,NA,NA,,,,,,,
09/06/2024,morning,11:06,26,BackAirbnb.Frontcam,Unidentified,NA,peanut,NA,0,0,1,0,0,0,1,0,,,,0,0,0,NA,NA,1,0,,,,,,,
09/06/2024,morning,11:07,26,BackAirbnb.Frontcam,Unidentified,NA,peanut,NA,1,0,0,1,0,1,0,0,,,,0,1,2,1,1,NA,NA,,,,,,,
09/06/2024,morning,11:24,32,BackAirbnb.Frontcam,Unidentified,NA,peanut,NA,1,0,0,1,0,1,0,0,,,,0,2,2,5,2,NA,NA,,,,,,,
09/06/2024,afternoon,20:33,31,FrontAirbnb,Unidentified,NA,peanut,NA,1,0,0,1,0,1,0,0,,,,3,4,2,3,4,NA,NA,,,,,,,
09/06/2024,morning,11:42,29,FrontAirbnb,Unidentified,NA,peanut,NA,0,0,1,0,0,0,1,0,,,,0,0,0,NA,NA,0,0,,,,,,,
09/06/2024,morning,11:42,30,FrontAirbnb,Unidentified,NA,peanut,NA,0,0,1,0,0,0,1,0,,,,0,0,0,NA,NA,NA,NA,,,,,,,
09/06/2024,morning,11:43,30,FrontAirbnb,Unidentified,NA,peanut,NA,0,0,1,0,0,0,1,0,,,,0,0,0,NA,NA,0,0,,,,,,,
09/06/2024,morning,11:43,32,FrontAirbnb,Unidentified,NA,peanut,NA,1,0,0,1,0,1,0,0,,,,0,2,2,5,3,NA,NA,,,,,,,
09/06/2024,morning,11:48,30,FrontAirbnb,Unidentified,NA,peanut,NA,0,0,1,0,0,0,1,0,,,,0,0,0,NA,NA,NA,NA,,,,,,,
09/06/2024,morning,11:52,30,FrontAirbnb,Unidentified,NA,peanut,NA,0,0,1,0,0,0,0,0,,,,0,0,0,NA,NA,1,1,,,,,,,
09/06/2024,morning,11:52,30,FrontAirbnb,Unidentified,NA,peanut,NA,0,0,1,0,0,0,1,0,,,,0,0,0,NA,NA,0,0,,,,,,,
09/06/2024,morning,11:53,32,FrontAirbnb,Unidentified,NA,peanut,NA,1,0,0,1,0,1,0,0,,,,0,1,2,3,1,NA,NA,,,,,,,
09/06/2024,morning,11:35,26,FrontAirbnb,Unidentified,NA,peanut,NA,0,0,1,0,0,0,0,0,,,,0,0,0,NA,NA,2,0,,,,,,,
09/06/2024,morning,11:38,27,FrontAirbnb,Unidentified,NA,peanut,NA,0,0,1,0,0,0,1,0,,,,0,0,0,NA,NA,0,0,,,,,,,
09/06/2024,morning,12:46,,PathToFieldNeighborCam,Unidentified,NA,peanut,NA,0,0,1,0,0,0,1,0,,,,0,0,0,NA,NA,NA,NA,,,,,,,
09/06/2024,morning,12:47,,PathToFieldNeighborCam,Unidentified,NA,peanut,NA,1,0,0,1,0,1,0,0,,,,0,3,2,NA,3,NA,NA,,,,,,,
09/06/2024,morning,12:47,,PathToFieldNeighborCam,Unidentified,NA,peanut,NA,1,0,0,1,0,1,1,0,,,,0,3,2,NA,4,NA,NA,,,,,,,
09/06/2024,morning,12:54,,PathToFieldNeighborCam,Unidentified,NA,peanut,NA,0,0,1,0,0,0,1,0,,,,0,0,0,NA,NA,0,1,,,,,,,
09/06/2024,morning,12:55,,PathToFieldNeighborCam,Unidentified,NA,peanut,NA,0,0,1,0,0,0,1,0,,,,0,0,0,NA,NA,0,1,,,,,,,
09/06/2024,morning,13:04,,PathToFieldNeighborCam,Unidentified,NA,peanut,NA,1,0,0,1,0,1,0,0,,,,0,2,2,3,2,NA,NA,,,,,,,
09/06/2024,morning,13:29,,PathToFieldNeighborCam,Unidentified,NA,peanut,NA,1,0,0,1,0,1,0,0,,,,0,2,2,3,3,NA,NA,,,,,,,
11/06/2024,morning,11:05,25,Backyard,Unidentified,NA,peanut,NA,1,0,0,1,0,1,0,0,,,,0,2,2,3,3,NA,NA,,,,,,,
11/06/2024,morning,11:43,25,Backyard,Unidentified,NA,peanut,NA,1,1,0,1,0,1,0,0,,,,0,NA,2,NA,2,NA,NA,,,,,,,
11/06/2024,morning,11:44,26,Backyard,Unidentified,NA,peanut,NA,1,1,0,1,0,1,0,0,,,,0,NA,2,NA,2,NA,NA,,,,,,,
11/06/2024,morning,11:45,26,Backyard,Unidentified,NA,peanut,NA,1,0,0,1,0,1,0,0,,,,1,4,2,3,5,NA,NA,,,,,,,
11/06/2024,morning,11:45,26,Backyard,Unidentified,NA,peanut,NA,1,0,0,1,0,1,1,0,,,,1,2,2,2,2,NA,NA,,,,,,,
01/04/2025,morning,12:37,25,Airbnb2,Unidentified,NA,apple,NA,1,1,0,1,0,1,1,0,,peel it all around,,NA,NA,2,NA,NA,NA,NA,,,,,,,
01/04/2025,morning,12:38,25,Airbnb2,Unidentified,NA,apple,NA,1,1,0,1,0,1,1,0,,peel it all around,,1,10,2,5,10,NA,NA,,,,,,,
01/04/2025,morning,12:40,26,Airbnb2,Unidentified,NA,banana,NA,NA,1,NA,NA,NA,NA,1,NA,,peel it all around,,NA,NA,NA,NA,NA,NA,NA,,,,,,,
01/04/2025,morning,13:00,24,Airbnb2,Unidentified,NA,peanut,0,0,0,1,0,0,0,1,0,,long rotation before scatterhoard,,0,NA,2,NA,NA,0,0,,,,,,,
01/04/2025,morning,13:06,26,Airbnb2,Unidentified,NA,banana,NA,NA,1,NA,NA,NA,NA,1,NA,,peel it all around,,0,NA,2,NA,NA,0,0,,,,,,,
01/04/2025,morning,13:19,28,Airbnb2,Unidentified,NA,banana,NA,NA,1,NA,NA,NA,NA,1,NA,,peel it all around,,NA,NA,NA,NA,NA,NA,NA,,,,,,,
01/04/2025,afternoon,23:13,29,Airbnb2,Unidentified,NA,grape,NA,1,0,0,1,0,1,1,0,,RETRIEVAL + clean after it fell!!,,0,8,2,5,8,NA,NA,,,,,,,
01/04/2025,morning,13:06,22,Airbnb2,Unidentified,NA,peanut,0,1,0,0,1,0,1,0,0,,,,1,4,2,2,4,NA,NA,,,,,,,
31/03/2025,morning,12:55,23,Airbnb1,Unidentified,NA,grape,1,1,0,0,1,0,1,1,0,,,1/10,0,2,2,16,2,NA,NA,,,,,,,
31/03/2025,morning,12:58,23,Airbnb1,Unidentified,NA,grape,1,1,0,0,1,0,1,1,0,,,2/10,0,4,2,7,4,NA,NA,,,,,,,
31/03/2025,morning,13:00,23,Airbnb1,Unidentified,NA,grape,1,1,0,0,1,0,1,1,0,,,3/10,0,4,2,5,4,NA,NA,,,,,,,
31/03/2025,morning,13:00,23,Airbnb1,Unidentified,NA,banana,0,1,0,0,0,1,0,0,0,,,4/10,4,2,2,7,2,NA,NA,,,,,,,
31/03/2025,morning,13:52,26,Airbnb1,Unidentified,NA,grape,0,1,0,0,1,0,1,0,0,,,5/10,1,2,2,3,2,NA,NA,,,,,,,
31/03/2025,morning,14:18,26,Airbnb1,Unidentified,NA,banana,0,1,1,0,0,1,0,0,0,,,6/10,3,2,2,NA,5,NA,NA,,,,,,,
31/03/2025,morning,14:26,26,Airbnb2,Unidentified,NA,grape,1,0,0,1,0,0,0,1,0,,,7/10,3,NA,NA,NA,NA,0,0,,,,,,,
31/03/2025,morning,14:29,28,Airbnb2,Unidentified,NA,grape,0,0,0,1,0,0,0,0,0,,,8/10,0,NA,NA,NA,NA,0,0,,,,,,,
31/03/2025,morning,16:11,28,Airbnb1,Unidentified,NA,apple,0,NA,1,NA,NA,NA,NA,NA,NA,,,9/10,3,2,2,NA,5,NA,NA,,,,,,,
27/03/2025,morning,12:41,27,House1,Unidentified,NA,banana,0,NA,1,NA,NA,NA,NA,NA,NA,,,1/6,3,NA,NA,NA,NA,NA,NA,,,,,,,
27/03/2025,morning,12:43,27,House1,Unidentified,NA,grape,0,1,0,0,1,0,1,0,0,,,2/6,0,3,2,3,3,NA,NA,,,,,,,
27/03/2025,morning,12:44,27,House1,Unidentified,NA,grape,0,0,0,0,1,0,0,0,0,,,3/6,0,0,2,0,0,NA,NA,,,,,,,
27/03/2025,morning,12:45,27,House1,Unidentified,NA,grape,0,0,0,0,1,0,0,0,0,,,4/6,0,0,2,0,0,NA,NA,,,,,,,
27/03/2025,morning,12:51,28,House1,Unidentified,NA,grape,0,1,0,0,1,0,1,0,0,,,,0,4,2,4,4,NA,NA,,,,,,,
27/03/2025,morning,12:52,28,House1,Unidentified,NA,grape,0,0,0,0,1,0,0,0,0,,,,0,0,2,0,0,NA,NA,,,,,,,
27/03/2025,morning,12:52,28,House1,Unidentified,NA,grape,0,0,0,0,1,0,0,0,0,,,,0,0,2,0,0,NA,NA,,,,,,,
27/03/2025,morning,12:57,28,House1,Unidentified,NA,grape,0,0,0,0,1,0,0,1,0,,,,2,0,2,0,0,NA,NA,,,,,,,
28/03/2025,morning,13:53,30,House1,Unidentified,NA,grape,0,0,0,0,1,0,0,1,0,,,,2,0,2,0,0,NA,NA,,,,,,,
28/03/2025,morning,13:54,30,House1,Unidentified,NA,grape,0,0,0,0,1,0,0,1,0,,,,2,0,2,0,0,NA,NA,,,,,,,
15/03/2025,afternoon,23:30,30,Stri,Unidentified,NA,grape,0,0,0,0,1,0,0,0,0,,,,0,NA,2,NA,NA,NA,NA,,,,,,,
15/04/2025,afternoon,23:30,30,Stri,Unidentified,NA,grape,0,0,0,0,1,0,0,0,0,,,,0,NA,2,NA,NA,NA,NA,,,,,,,
15/04/2025,afternoon,23:30,30,Stri,Unidentified,NA,grape,0,0,0,0,1,0,0,0,0,,,,0,NA,2,NA,NA,NA,NA,,,,,,,
15/04/2025,afternoon,23:30,30,Stri,Unidentified,NA,grape,0,0,0,0,1,0,0,0,0,,,,0,NA,2,NA,NA,NA,NA,,,,,,,
15/04/2025,afternoon,23:30,30,Stri,Unidentified,NA,grape,0,0,0,0,1,0,0,0,0,,,,0,NA,2,NA,NA,NA,NA,,,,,,,
15/04/2025,afternoon,23:30,30,Stri,Unidentified,NA,grape,0,0,0,0,1,0,0,1,0,,,,0,NA,2,NA,NA,NA,NA,,,,,,,
15/04/2025,afternoon,23:30,30,Stri,Unidentified,NA,grape,0,0,0,0,1,0,0,0,0,,,,0,NA,2,NA,NA,NA,NA,,,,,,,
28/03/2025,morning,13:51,27,House1,Unidentified,NA,grape,0,0,0,0,1,0,0,1,0,,,,0,NA,2,NA,NA,NA,NA,,,,,,,
28/03/2025,morning,13:52,27,House1,Unidentified,NA,grape,0,0,0,0,1,0,0,1,0,,,,0,NA,2,NA,NA,NA,NA,,,,,,,
28/03/2025,morning,13:53,27,House1,Unidentified,NA,grape,0,0,0,0,1,0,0,1,0,,,,0,NA,2,NA,NA,NA,NA,,,,,,,
28/03/2025,morning,14:01,27,House1,Unidentified,NA,grape,1,1,0,0,1,0,1,1,0,,,,0,NA,2,NA,NA,NA,NA,,,,,,,
28/03/2025,afternoon,20:13,27,House1,Unidentified,NA,apple,0,0,1,0,0,1,0,1,0,,,,3,NA,2,NA,NA,NA,NA,,,,,,,
30/03,afternoon,21:41,26,Airbnb1,Unidentified,NA,peanut,NA,1,0,0,1,0,1,0,0,,,,0,4,2,7,4,NA,NA,,,,,,,
30/03,afternoon,21:42,26,Airbnb1,Unidentified,NA,peanut,NA,1,0,0,1,0,1,0,0,,,,0,4,2,6,4,NA,NA,,,,,,,
30/03,afternoon,22:56,26,Airbnb1,Unidentified,NA,banana,0,1,0,0,0,1,0,0,0,,,,4,2,2,12,5,NA,NA,,,,,,,
30/03,afternoon,,26,Airbnb1,Unidentified,NA,orange,0,1,0,0,0,1,0,0,0,,,,3,3,2,10,6,NA,NA,,,,,,,