Date,Time burried,Location,Type,Soil temperature,Soil humidity,Order retreived,Time retreived,Comments,
10/12,07:25,field,control,27,6.8,2,15:26,retrieved at 18:30 same day,
10/12,07:25,field,crushed,27,6.7,1,15:26,retrieved at 18:30 same day,
10/12,11:30,field,control,30,6.7,2,NA,,
10/12,11:30,field,crushed,31,6.8,1,NA,retrieved at 18:30 same day,
10/12,11:45,uphill 1,control,30,6.8,NA,NA,between two trees,none were retreived before putting the camera away
10/12,11:45,uphill 1,crushed,29,6.8,NA,NA,between two trees,
10/12,11:45,uphill 2,control,28,6.9,NA,NA,leftmost,
10/12,11:45,uphill 2,crushed,28,6.9,NA,NA,leftmost,
10/12,11:45,uphill 3,control,28,6.7,NA,NA,other,
10/12,11:45,uphill 3,crushed,28,6.7,NA,NA,other,
10/12,11:45,uphill 4,control,29,6.8,NA,NA,big root,
10/12,11:45,uphill 4,crushed,29,6.8,NA,NA,big root,
11/12,08:56,field,control,30,6.9,NA,NA,front right,
11/12,08:56,field,crushed,30,6.9,NA,NA,front right,
11/12,09:10,field,control,30,6.8,NA,NA,front left,
11/12,09:10,field,crushed,29.2,6.8,NA,NA,front left,
11/12,09:20,field,control,29,6.8,2,15:00,back left,dug at by coati
11/12,09:20,field,crushed,29,6.8,1,11:08,back left,retrieval by agotui
11/12,09:30,field,control,28,6.8,NA,NA,back right,
11/12,09:30,field,crushed,28,6.7,NA,NA,back right,
11/12,09:45,bates trail,control,30,6.9,2,10:39:09,"front, DSCF0005",
11/12,09:45,bates trail,crushed,29,6.9,1,NA,"front, no timing but before 10:37:26, DSCF0005",
11/12,09:55,bates trail,control,29,6.8,1,10:39:20,"middle, DSCF0005",
11/12,09:55,bates trail,crushed,29,6.9,2,10:43:06,"middle, DSCF0007",
11/12,10:05,bates trail,control,30,6.5,2,10:42:52,"back, DSCF0007",
11/12,10:05,bates trail,crushed,29,6.7,1,10:40:44,"back, DSCF0006",
12/12,10:56,bates trail stadium,control,28,6.8,NA,NA,front,
12/12,10:56,bates trail stadium,crushed,28,7.1,NA,NA,front,
12/12,11:00,bates trail stadium,control,27,7.1,NA,NA,middle,
12/12,11:00,bates trail stadium,crushed,27,6.9,NA,NA,middle,
12/12,11:05,bates trail stadium,control,27,7,NA,NA,back,
12/12,11:05,bates trail stadium,crushed,27,7.1,NA,NA,back,
12/12,11:20,bamboo ,control,29,6.9,NA,NA,front left,
12/12,11:20,bamboo ,crushed,28,6.9,NA,NA,front left,
12/12,11:25,bamboo ,control,28,7,NA,NA,front right,
12/12,11:25,bamboo ,crushed,28,6.9,NA,NA,front right,
12/12,11:30,bamboo ,control,28,6.9,NA,NA,back,
12/12,11:30,bamboo ,crushed,28,6.9,NA,NA,back,
13/12,09:40,bates trail ants 1,control,28,7.1,2,NA,right side,
13/12,09:40,bates trail ants 1,crushed,28,7.2,1,NA,"right side, taken before 10am on 14/12",
13/12,09:40,bates trail ants 2,control,28,7.1,1,NA,"close left, dug out before 10:20am",
13/12,09:40,bates trail ants 2,crushed,28,7.0,2,NA,close left,
13/12,09:40,bates trail ants 3,control,28,7,1,NA,"far left, dug out before 10:20am",
13/12,09:40,bates trail ants 3,crushed,28,6.9,2,NA,far left,
13/12,09:56,open garden 1,control,28,7.1,NA,NA,close right,
13/12,09:56,open garden 1,crushed,29,7.1,NA,NA,close right,
13/12,09:56,open garden 2,control,28,6.9,2,09:58,close left,
13/12,09:56,open garden 2,crushed,28,7.0,1,09:58,close left,
13/12,09:56,open garden 3,control,28,6.5,2,NA,far right,
13/12,09:56,open garden 3,crushed,27,6.7,1,09:57,far right,
13/12,09:56,open garden 4,control,28,7,2,10:04,far left,
13/12,09:56,open garden 4,crushed,28,6.9,1,09:59,far left,
14/12,10:00,beyond_bamboo 1,control,27,6.9,NA,NA,front,
14/12,10:00,beyond_bamboo 1,crushed,26,6.9,NA,NA,front,
14/12,10:00,beyond_bamboo 2,control,26,6.9,NA,NA,middle,
14/12,10:00,beyond_bamboo 2,crushed,26,6.9,NA,NA,middle,
14/12,10:00,beyond_bamboo 3,control,26,6.9,NA,NA,back,
14/12,10:00,beyond_bamboo 3,crushed,26,6.8,NA,NA,back,
14/12,10:50,coatis 1,control,28,7.1,NA,NA,front,
14/12,10:50,coatis 1,crushed,29,6.9,NA,NA,front,
14/12,10:50,coatis 2,control,27,6.9,NA,NA,back right,
14/12,10:50,coatis 2,crushed,27,6.9,NA,NA,back right,
14/12,10:50,coatis 3,control,29,6.9,2,NA,back left,
14/12,10:50,coatis 3,crushed,29,6.9,1,NA,back left,
15/12,09:00,even further 1,control,27,6.7,NA,NA,back,
15/12,09:00,even further 1,crushed,27,6.7,NA,NA,back,
15/12,09:00,even further 2,control,27,6.9,NA,NA,front,
15/12,09:00,even further 2,crushed,27,6.9,NA,NA,front,
17/12,10:22,open garden live 1,control,NA,NA,2,10:27,2,
17/12,10:22,open garden live 1,crushed,NA,NA,1,10:24,2,
17/12,10:22,open garden live 2,control,NA,NA,2,10:24,3,
17/12,10:22,open garden live 2,crushed,NA,NA,1,10:23,3,
17/12,10:22,open garden live 3,control,NA,NA,1,10:23,4,
17/12,10:22,open garden live 3,crushed,NA,NA,2,10:31,4,
17/12,10:00,snakes 1,control,29,6.9,NA,NA,right front,
17/12,10:00,snakes 1,crushed,28,6.9,NA,NA,right front,
17/12,10:00,snakes 2,control,28,6.9,NA,NA,left front,
17/12,10:00,snakes 2,crushed,28,6.9,NA,NA,left front,
17/12,10:00,snakes 3,control,27,6.9,NA,NA,back left,
17/12,10:00,snakes 3,crushed,28,6.7,NA,NA,back left,
17/12,10:15,road 1,control,30,6.9,NA,13:45,front right,
17/12,10:15,road 1,crushed,30,6.9,NA,NA,front right,
17/12,10:15,road 2,control,28,6.9,1,NA,left middle,
17/12,10:15,road 2,crushed,28,6.9,2,13:42,left middle,
17/12,10:15,road 3,control,28,6.9,NA,NA,back right,
17/12,10:15,road 3,crushed,28,6.8,NA,NA,back right,
17/12,11:00,field towards uphill 1,control,27,6.9,2,17:50,front,
17/12,11:00,field towards uphill 1,crushed,27,6.9,1,15:20,"front, retrieved by coati",
17/12,11:00,field towards uphill 2,control,27,6.9,NA,11:33,"back right, retrieved by coati",
17/12,11:00,field towards uphill 2,crushed,27,6.9,NA,NA,back right,
17/12,11:00,field towards uphill 3,control,29,6.9,2,18:00,back left,
17/12,11:00,field towards uphill 3,crushed,29,6.9,1,17:40,back left,
18/12,09:44,bates trail round 2 1,control,NA,NA,NA,NA,front,
18/12,09:44,bates trail round 2 1,crushed,NA,NA,NA,NA,front,
18/12,09:44,bates trail round 2 2,control,NA,NA,NA,NA,right middle,
18/12,09:44,bates trail round 2 2,crushed,NA,NA,NA,NA,right middle,
18/12,09:44,bates trail round 2 3,control,NA,NA,NA,NA,back,
18/12,09:44,bates trail round 2 3,crushed,NA,NA,NA,NA,back,
18/12,10:00,uphill round 2 1,control,NA,NA,2,12:08,front right,
18/12,10:00,uphill round 2 1,crushed,NA,NA,1,10:49,front right,
18/12,10:00,uphill round 2 2,control,NA,NA,NA,NA,back right,
18/12,10:00,uphill round 2 2,crushed,NA,NA,NA,11:10,back right,
18/12,10:00,uphill round 2 3,control,NA,NA,2,12:18,back left,
18/12,10:00,uphill round 2 3,crushed,NA,NA,1,10:50,back left,
18/12,10:00,uphill round 2 4,crushed,NA,NA,NA,NA,front left,
18/12,10:00,uphill round 2 4,crushed,NA,NA,NA,NA,front left,
18/12,10:15,field cat 1,control,NA,NA,NA,NA,front,
18/12,10:15,field cat 1,crushed,NA,NA,NA,11:07,front,
18/12,10:15,field cat 2,control,NA,NA,NA,NA,middle,
18/12,10:15,field cat 2,crushed,NA,NA,NA,NA,middle,
18/12,10:15,field cat 3,control,NA,NA,NA,NA,back ,
18/12,10:15,field cat 3,crushed,NA,NA,NA,11:05,back,
19/12,09:23,orange mushrooms 1,control,NA,NA,NA,NA,right front,
19/12,09:23,orange mushrooms 1,crushed,NA,NA,NA,NA,right front,
19/12,09:23,orange mushrooms 2,control,NA,NA,NA,NA,middle left,
19/12,09:23,orange mushrooms 2,crushed,NA,NA,NA,NA,middle left,
19/12,09:23,orange mushrooms 3,control,NA,NA,2,NA,back,
19/12,09:23,orange mushrooms 3,crushed,NA,NA,1,NA,back,
19/12,09:44,dens 1,control,NA,NA,2,16:15,front,
19/12,09:44,dens 1,crushed,NA,NA,1,16:13,front,
19/12,09:44,dens 2,control,NA,NA,NA,NA,middle,
19/12,09:44,dens 2,crushed,NA,NA,NA,NA,middle,
19/12,09:44,dens 3,control,NA,NA,NA,NA,back,
19/12,09:44,dens 3,crushed,NA,NA,NA,16:26,back,
19/12,10:00,middle field 1,control,NA,NA,2,08:12,front,
19/12,10:00,middle field 1,crushed,NA,NA,1,08:06,front,
19/12,10:00,middle field 2,control,NA,NA,1,08:02,middle left,
19/12,10:00,middle field 2,crushed,NA,NA,2,08:03,middle left,
19/12,10:00,middle field 3,control,NA,NA,NA,NA,back left,
19/12,10:00,middle field 3,crushed,NA,NA,NA,NA,back left,
20/12,10:11,multi tree 1,control,NA,NA,NA,NA,front,
20/12,10:11,multi tree 1,crushed,NA,NA,NA,NA,front,
20/12,10:11,multi tree 2,control,NA,NA,NA,NA,middle,
20/12,10:11,multi tree 2,crushed,NA,NA,NA,NA,middle,
20/12,10:11,multi tree 3,control,NA,NA,NA,NA,back,
20/12,10:11,multi tree 3,crushed,NA,NA,NA,NA,back,
20/12,10:28,down dens 1,control,NA,NA,NA,17:02,front,
20/12,10:28,down dens 1,crushed,NA,NA,NA,NA,front,
20/12,10:28,down dens 2,control,NA,NA,2,10:36,back,
20/12,10:28,down dens 2,crushed,NA,NA,1,10:36,back,